Iteration,Queried X/ All X,Queried misclassified samples / All misclassified samples,Detected patterns / All patterns,Pattern 0 (%),Pattern 0 (% Detected),Pattern 1 (%),Pattern 1 (% Detected),Pattern 2 (%),Pattern 2 (% Detected),Pattern 3 (%),Pattern 3 (% Detected),Pattern 4 (%),Pattern 4 (% Detected)
1,0.004096346059315091,0.012345679012345678,0.0,0.0,0.0,0.0,0.0,0.0,0.0,0.0,0.0,0.1,0.05263157894736842
2,0.008192692118630182,0.012345679012345678,0.0,0.0,0.0,0.0,0.0,0.0,0.0,0.0,0.0,0.1,0.05263157894736842
3,0.012289038177945273,0.018518518518518517,0.0,0.0,0.0,0.0,0.0,0.0,0.0,0.0,0.0,0.1,0.05263157894736842
4,0.016385384237260363,0.018518518518518517,0.0,0.0,0.0,0.0,0.0,0.0,0.0,0.0,0.0,0.1,0.05263157894736842
5,0.020481730296575455,0.024691358024691357,0.0,0.0,0.0,0.0,0.0,0.0,0.0,0.0,0.0,0.2,0.10526315789473684
6,0.024578076355890547,0.024691358024691357,0.0,0.0,0.0,0.0,0.0,0.0,0.0,0.0,0.0,0.2,0.10526315789473684
7,0.028674422415205635,0.024691358024691357,0.0,0.0,0.0,0.0,0.0,0.0,0.0,0.0,0.0,0.2,0.10526315789473684
8,0.03277076847452073,0.024691358024691357,0.0,0.0,0.0,0.0,0.0,0.0,0.0,0.0,0.0,0.2,0.10526315789473684
9,0.036867114533835815,0.030864197530864196,0.0,0.0,0.0,0.0,0.0,0.0,0.0,0.0,0.0,0.2,0.10526315789473684
10,0.04096346059315091,0.030864197530864196,0.0,0.0,0.0,0.0,0.0,0.0,0.0,0.0,0.0,0.2,0.10526315789473684
11,0.045059806652466,0.030864197530864196,0.0,0.0,0.0,0.0,0.0,0.0,0.0,0.0,0.0,0.2,0.10526315789473684
12,0.049156152711781094,0.037037037037037035,0.0,0.0,0.0,0.0,0.0,0.0,0.0,0.0,0.0,0.2,0.10526315789473684
13,0.05325249877109618,0.037037037037037035,0.0,0.0,0.0,0.0,0.0,0.0,0.0,0.0,0.0,0.2,0.10526315789473684
14,0.05734884483041127,0.037037037037037035,0.0,0.0,0.0,0.0,0.0,0.0,0.0,0.0,0.0,0.2,0.10526315789473684
15,0.061445190889726366,0.05555555555555555,0.0,0.0,0.0,0.1,0.06666666666666667,0.0,0.0,0.0,0.0,0.2,0.10526315789473684
16,0.06554153694904145,0.05555555555555555,0.0,0.0,0.0,0.1,0.06666666666666667,0.0,0.0,0.0,0.0,0.2,0.10526315789473684
17,0.06963788300835655,0.05555555555555555,0.0,0.0,0.0,0.1,0.06666666666666667,0.0,0.0,0.0,0.0,0.2,0.10526315789473684
18,0.07373422906767163,0.08024691358024691,0.0,0.0,0.0,0.2,0.13333333333333333,0.0,0.0,0.1,0.1,0.3,0.15789473684210525
19,0.07783057512698673,0.08641975308641975,0.0,0.0,0.0,0.2,0.13333333333333333,0.0,0.0,0.2,0.2,0.3,0.15789473684210525
20,0.08192692118630182,0.08641975308641975,0.0,0.0,0.0,0.2,0.13333333333333333,0.0,0.0,0.2,0.2,0.3,0.15789473684210525
21,0.08602326724561692,0.08641975308641975,0.0,0.0,0.0,0.2,0.13333333333333333,0.0,0.0,0.2,0.2,0.3,0.15789473684210525
22,0.090119613304932,0.08641975308641975,0.0,0.0,0.0,0.2,0.13333333333333333,0.0,0.0,0.2,0.2,0.3,0.15789473684210525
23,0.09421595936424709,0.08641975308641975,0.0,0.0,0.0,0.2,0.13333333333333333,0.0,0.0,0.2,0.2,0.3,0.15789473684210525
24,0.09831230542356219,0.09259259259259259,0.0,0.0,0.0,0.2,0.13333333333333333,0.0,0.0,0.2,0.2,0.3,0.15789473684210525
25,0.10240865148287727,0.09259259259259259,0.0,0.0,0.0,0.2,0.13333333333333333,0.0,0.0,0.2,0.2,0.3,0.15789473684210525
26,0.10650499754219236,0.09259259259259259,0.0,0.0,0.0,0.2,0.13333333333333333,0.0,0.0,0.2,0.2,0.3,0.15789473684210525
27,0.11060134360150746,0.09259259259259259,0.0,0.0,0.0,0.2,0.13333333333333333,0.0,0.0,0.2,0.2,0.3,0.15789473684210525
28,0.11469768966082254,0.09876543209876543,0.0,0.0,0.0,0.2,0.13333333333333333,0.0,0.0,0.2,0.2,0.3,0.15789473684210525
29,0.11879403572013764,0.09876543209876543,0.0,0.0,0.0,0.2,0.13333333333333333,0.0,0.0,0.2,0.2,0.3,0.15789473684210525
30,0.12289038177945273,0.09876543209876543,0.0,0.0,0.0,0.2,0.13333333333333333,0.0,0.0,0.2,0.2,0.3,0.15789473684210525
31,0.12698672783876783,0.10493827160493827,0.0,0.0,0.0,0.2,0.13333333333333333,0.1,0.041666666666666664,0.2,0.2,0.3,0.15789473684210525
32,0.1310830738980829,0.10493827160493827,0.0,0.0,0.0,0.2,0.13333333333333333,0.1,0.041666666666666664,0.2,0.2,0.3,0.15789473684210525
33,0.135179419957398,0.10493827160493827,0.0,0.0,0.0,0.2,0.13333333333333333,0.1,0.041666666666666664,0.2,0.2,0.3,0.15789473684210525
34,0.1392757660167131,0.1111111111111111,0.0,0.0,0.0,0.2,0.13333333333333333,0.1,0.041666666666666664,0.2,0.2,0.3,0.15789473684210525
35,0.14337211207602818,0.12345679012345678,0.0,0.0,0.0,0.2,0.13333333333333333,0.2,0.08333333333333333,0.2,0.2,0.3,0.15789473684210525
36,0.14746845813534326,0.12962962962962962,0.0,0.0,0.0,0.2,0.13333333333333333,0.2,0.08333333333333333,0.2,0.2,0.3,0.15789473684210525
37,0.15156480419465837,0.13580246913580246,0.0,0.0,0.0,0.2,0.13333333333333333,0.2,0.08333333333333333,0.2,0.2,0.3,0.15789473684210525
38,0.15566115025397345,0.13580246913580246,0.0,0.0,0.0,0.2,0.13333333333333333,0.2,0.08333333333333333,0.2,0.2,0.3,0.15789473684210525
39,0.15975749631328853,0.15432098765432098,0.0,0.1,0.07692307692307693,0.2,0.13333333333333333,0.3,0.125,0.2,0.2,0.4,0.21052631578947367
40,0.16385384237260364,0.15432098765432098,0.0,0.1,0.07692307692307693,0.2,0.13333333333333333,0.3,0.125,0.2,0.2,0.4,0.21052631578947367
41,0.16795018843191872,0.16049382716049382,0.0,0.1,0.07692307692307693,0.2,0.13333333333333333,0.3,0.125,0.2,0.2,0.4,0.21052631578947367
42,0.17204653449123383,0.16666666666666666,0.0,0.1,0.07692307692307693,0.3,0.2,0.3,0.125,0.2,0.2,0.4,0.21052631578947367
43,0.1761428805505489,0.16666666666666666,0.0,0.1,0.07692307692307693,0.3,0.2,0.3,0.125,0.2,0.2,0.4,0.21052631578947367
44,0.180239226609864,0.1728395061728395,0.0,0.1,0.07692307692307693,0.3,0.2,0.4,0.16666666666666666,0.2,0.2,0.4,0.21052631578947367
45,0.1843355726691791,0.1728395061728395,0.0,0.1,0.07692307692307693,0.3,0.2,0.4,0.16666666666666666,0.2,0.2,0.4,0.21052631578947367
46,0.18843191872849419,0.1728395061728395,0.0,0.1,0.07692307692307693,0.3,0.2,0.4,0.16666666666666666,0.2,0.2,0.4,0.21052631578947367
47,0.19252826478780927,0.17901234567901234,0.0,0.1,0.07692307692307693,0.3,0.2,0.4,0.16666666666666666,0.2,0.2,0.4,0.21052631578947367
48,0.19662461084712438,0.17901234567901234,0.0,0.1,0.07692307692307693,0.3,0.2,0.4,0.16666666666666666,0.2,0.2,0.4,0.21052631578947367
49,0.20072095690643946,0.17901234567901234,0.0,0.1,0.07692307692307693,0.3,0.2,0.4,0.16666666666666666,0.2,0.2,0.4,0.21052631578947367
50,0.20481730296575454,0.18518518518518517,0.0,0.1,0.07692307692307693,0.3,0.2,0.4,0.16666666666666666,0.2,0.2,0.4,0.21052631578947367
51,0.20891364902506965,0.19135802469135801,0.0,0.1,0.07692307692307693,0.3,0.2,0.4,0.16666666666666666,0.2,0.2,0.4,0.21052631578947367
52,0.21300999508438473,0.19135802469135801,0.0,0.1,0.07692307692307693,0.3,0.2,0.4,0.16666666666666666,0.2,0.2,0.4,0.21052631578947367
53,0.2171063411436998,0.19135802469135801,0.0,0.1,0.07692307692307693,0.3,0.2,0.4,0.16666666666666666,0.2,0.2,0.4,0.21052631578947367
54,0.22120268720301492,0.19753086419753085,0.0,0.1,0.07692307692307693,0.3,0.2,0.5,0.20833333333333334,0.2,0.2,0.4,0.21052631578947367
55,0.22529903326233,0.19753086419753085,0.0,0.1,0.07692307692307693,0.3,0.2,0.5,0.20833333333333334,0.2,0.2,0.4,0.21052631578947367
56,0.22939537932164508,0.19753086419753085,0.0,0.1,0.07692307692307693,0.3,0.2,0.5,0.20833333333333334,0.2,0.2,0.4,0.21052631578947367
57,0.2334917253809602,0.2037037037037037,0.0,0.1,0.07692307692307693,0.3,0.2,0.5,0.20833333333333334,0.2,0.2,0.4,0.21052631578947367
58,0.23758807144027527,0.21604938271604937,0.0,0.1,0.07692307692307693,0.3,0.2,0.5,0.20833333333333334,0.2,0.2,0.4,0.21052631578947367
59,0.24168441749959035,0.22839506172839505,0.0,0.1,0.07692307692307693,0.4,0.26666666666666666,0.5,0.20833333333333334,0.2,0.2,0.4,0.21052631578947367
60,0.24578076355890546,0.22839506172839505,0.0,0.1,0.07692307692307693,0.4,0.26666666666666666,0.5,0.20833333333333334,0.2,0.2,0.4,0.21052631578947367
61,0.24987710961822054,0.2345679012345679,0.0,0.1,0.07692307692307693,0.4,0.26666666666666666,0.5,0.20833333333333334,0.3,0.3,0.4,0.21052631578947367
62,0.25397345567753565,0.24074074074074073,0.0,0.1,0.07692307692307693,0.4,0.26666666666666666,0.5,0.20833333333333334,0.3,0.3,0.4,0.21052631578947367
63,0.25806980173685073,0.24691358024691357,0.0,0.1,0.07692307692307693,0.4,0.26666666666666666,0.5,0.20833333333333334,0.4,0.4,0.4,0.21052631578947367
64,0.2621661477961658,0.24691358024691357,0.0,0.1,0.07692307692307693,0.4,0.26666666666666666,0.5,0.20833333333333334,0.4,0.4,0.4,0.21052631578947367
65,0.2662624938554809,0.25308641975308643,0.0,0.1,0.07692307692307693,0.4,0.26666666666666666,0.5,0.20833333333333334,0.4,0.4,0.4,0.21052631578947367
66,0.270358839914796,0.25308641975308643,0.0,0.1,0.07692307692307693,0.4,0.26666666666666666,0.5,0.20833333333333334,0.4,0.4,0.4,0.21052631578947367
67,0.2744551859741111,0.25925925925925924,0.0,0.1,0.07692307692307693,0.4,0.26666666666666666,0.6,0.25,0.4,0.4,0.4,0.21052631578947367
68,0.2785515320334262,0.25925925925925924,0.0,0.1,0.07692307692307693,0.4,0.26666666666666666,0.6,0.25,0.4,0.4,0.4,0.21052631578947367
69,0.2826478780927413,0.25925925925925924,0.0,0.1,0.07692307692307693,0.4,0.26666666666666666,0.6,0.25,0.4,0.4,0.4,0.21052631578947367
70,0.28674422415205636,0.25925925925925924,0.0,0.1,0.07692307692307693,0.4,0.26666666666666666,0.6,0.25,0.4,0.4,0.4,0.21052631578947367
71,0.29084057021137144,0.25925925925925924,0.0,0.1,0.07692307692307693,0.4,0.26666666666666666,0.6,0.25,0.4,0.4,0.4,0.21052631578947367
72,0.2949369162706865,0.2716049382716049,0.0,0.1,0.07692307692307693,0.4,0.26666666666666666,0.7,0.2916666666666667,0.5,0.5,0.4,0.21052631578947367
73,0.29903326233000166,0.2716049382716049,0.0,0.1,0.07692307692307693,0.4,0.26666666666666666,0.7,0.2916666666666667,0.5,0.5,0.4,0.21052631578947367
74,0.30312960838931674,0.2777777777777778,0.0,0.1,0.07692307692307693,0.4,0.26666666666666666,0.7,0.2916666666666667,0.5,0.5,0.5,0.2631578947368421
75,0.3072259544486318,0.2777777777777778,0.0,0.1,0.07692307692307693,0.4,0.26666666666666666,0.7,0.2916666666666667,0.5,0.5,0.5,0.2631578947368421
76,0.3113223005079469,0.2839506172839506,0.0,0.1,0.07692307692307693,0.4,0.26666666666666666,0.7,0.2916666666666667,0.5,0.5,0.5,0.2631578947368421
77,0.315418646567262,0.29012345679012347,0.0,0.2,0.15384615384615385,0.4,0.26666666666666666,0.7,0.2916666666666667,0.5,0.5,0.5,0.2631578947368421
78,0.31951499262657707,0.2962962962962963,0.0,0.2,0.15384615384615385,0.4,0.26666666666666666,0.7,0.2916666666666667,0.5,0.5,0.5,0.2631578947368421
79,0.3236113386858922,0.30246913580246915,0.0,0.2,0.15384615384615385,0.4,0.26666666666666666,0.7,0.2916666666666667,0.5,0.5,0.5,0.2631578947368421
80,0.3277076847452073,0.30864197530864196,0.0,0.2,0.15384615384615385,0.5,0.3333333333333333,0.7,0.2916666666666667,0.5,0.5,0.5,0.2631578947368421
81,0.33180403080452237,0.30864197530864196,0.0,0.2,0.15384615384615385,0.5,0.3333333333333333,0.7,0.2916666666666667,0.5,0.5,0.5,0.2631578947368421
82,0.33590037686383745,0.3148148148148148,0.0,0.2,0.15384615384615385,0.5,0.3333333333333333,0.8,0.3333333333333333,0.5,0.5,0.5,0.2631578947368421
83,0.33999672292315253,0.3148148148148148,0.0,0.2,0.15384615384615385,0.5,0.3333333333333333,0.8,0.3333333333333333,0.5,0.5,0.5,0.2631578947368421
84,0.34409306898246766,0.3148148148148148,0.0,0.2,0.15384615384615385,0.5,0.3333333333333333,0.8,0.3333333333333333,0.5,0.5,0.5,0.2631578947368421
85,0.34818941504178275,0.32098765432098764,0.0,0.2,0.15384615384615385,0.5,0.3333333333333333,0.8,0.3333333333333333,0.5,0.5,0.5,0.2631578947368421
86,0.3522857611010978,0.3271604938271605,0.0,0.2,0.15384615384615385,0.5,0.3333333333333333,0.8,0.3333333333333333,0.5,0.5,0.5,0.2631578947368421
87,0.3563821071604129,0.3271604938271605,0.0,0.2,0.15384615384615385,0.5,0.3333333333333333,0.8,0.3333333333333333,0.5,0.5,0.5,0.2631578947368421
88,0.360478453219728,0.3271604938271605,0.0,0.2,0.15384615384615385,0.5,0.3333333333333333,0.8,0.3333333333333333,0.5,0.5,0.5,0.2631578947368421
89,0.36457479927904307,0.3271604938271605,0.0,0.2,0.15384615384615385,0.5,0.3333333333333333,0.8,0.3333333333333333,0.5,0.5,0.5,0.2631578947368421
90,0.3686711453383582,0.3333333333333333,0.0,0.3,0.23076923076923078,0.5,0.3333333333333333,0.8,0.3333333333333333,0.5,0.5,0.5,0.2631578947368421
91,0.3727674913976733,0.3333333333333333,0.0,0.3,0.23076923076923078,0.5,0.3333333333333333,0.8,0.3333333333333333,0.5,0.5,0.5,0.2631578947368421
92,0.37686383745698837,0.3333333333333333,0.0,0.3,0.23076923076923078,0.5,0.3333333333333333,0.8,0.3333333333333333,0.5,0.5,0.5,0.2631578947368421
93,0.38096018351630345,0.3333333333333333,0.0,0.3,0.23076923076923078,0.5,0.3333333333333333,0.8,0.3333333333333333,0.5,0.5,0.5,0.2631578947368421
94,0.38505652957561853,0.345679012345679,0.0,0.3,0.23076923076923078,0.5,0.3333333333333333,0.8,0.3333333333333333,0.5,0.5,0.5,0.2631578947368421
95,0.3891528756349336,0.35185185185185186,0.0,0.3,0.23076923076923078,0.6,0.4,0.8,0.3333333333333333,0.5,0.5,0.5,0.2631578947368421
96,0.39324922169424875,0.35802469135802467,0.0,0.3,0.23076923076923078,0.6,0.4,0.8,0.3333333333333333,0.5,0.5,0.5,0.2631578947368421
97,0.39734556775356383,0.35802469135802467,0.0,0.3,0.23076923076923078,0.6,0.4,0.8,0.3333333333333333,0.5,0.5,0.5,0.2631578947368421
98,0.4014419138128789,0.36419753086419754,0.0,0.4,0.3076923076923077,0.6,0.4,0.8,0.3333333333333333,0.5,0.5,0.5,0.2631578947368421
99,0.405538259872194,0.36419753086419754,0.0,0.4,0.3076923076923077,0.6,0.4,0.8,0.3333333333333333,0.5,0.5,0.5,0.2631578947368421
100,0.4096346059315091,0.36419753086419754,0.0,0.4,0.3076923076923077,0.6,0.4,0.8,0.3333333333333333,0.5,0.5,0.5,0.2631578947368421
101,0.41373095199082416,0.37037037037037035,0.0,0.4,0.3076923076923077,0.6,0.4,0.8,0.3333333333333333,0.5,0.5,0.5,0.2631578947368421
102,0.4178272980501393,0.3765432098765432,0.0,0.4,0.3076923076923077,0.6,0.4,0.9,0.375,0.5,0.5,0.5,0.2631578947368421
103,0.4219236441094544,0.3765432098765432,0.0,0.4,0.3076923076923077,0.6,0.4,0.9,0.375,0.5,0.5,0.5,0.2631578947368421
104,0.42601999016876946,0.3765432098765432,0.0,0.4,0.3076923076923077,0.6,0.4,0.9,0.375,0.5,0.5,0.5,0.2631578947368421
105,0.43011633622808454,0.38271604938271603,0.0,0.4,0.3076923076923077,0.6,0.4,1.0,0.4166666666666667,0.5,0.5,0.5,0.2631578947368421
106,0.4342126822873996,0.3888888888888889,0.0,0.4,0.3076923076923077,0.6,0.4,1.0,0.4166666666666667,0.5,0.5,0.5,0.2631578947368421
107,0.43830902834671476,0.3950617283950617,0.0,0.4,0.3076923076923077,0.6,0.4,1.0,0.4166666666666667,0.6,0.6,0.5,0.2631578947368421
108,0.44240537440602984,0.4074074074074074,0.0,0.4,0.3076923076923077,0.6,0.4,1.0,0.4166666666666667,0.6,0.6,0.5,0.2631578947368421
109,0.4465017204653449,0.4074074074074074,0.0,0.4,0.3076923076923077,0.6,0.4,1.0,0.4166666666666667,0.6,0.6,0.5,0.2631578947368421
110,0.45059806652466,0.4074074074074074,0.0,0.4,0.3076923076923077,0.6,0.4,1.0,0.4166666666666667,0.6,0.6,0.5,0.2631578947368421
111,0.4546944125839751,0.41358024691358025,0.0,0.4,0.3076923076923077,0.6,0.4,1.0,0.4166666666666667,0.6,0.6,0.5,0.2631578947368421
112,0.45879075864329016,0.42592592592592593,0.0,0.4,0.3076923076923077,0.6,0.4,1.0,0.4583333333333333,0.6,0.6,0.5,0.2631578947368421
113,0.4628871047026053,0.42592592592592593,0.0,0.4,0.3076923076923077,0.6,0.4,1.0,0.4583333333333333,0.6,0.6,0.5,0.2631578947368421
114,0.4669834507619204,0.42592592592592593,0.0,0.4,0.3076923076923077,0.6,0.4,1.0,0.4583333333333333,0.6,0.6,0.5,0.2631578947368421
115,0.47107979682123546,0.42592592592592593,0.0,0.4,0.3076923076923077,0.6,0.4,1.0,0.4583333333333333,0.6,0.6,0.5,0.2631578947368421
116,0.47517614288055054,0.43209876543209874,0.0,0.5,0.38461538461538464,0.6,0.4,1.0,0.4583333333333333,0.6,0.6,0.5,0.2631578947368421
117,0.4792724889398656,0.43209876543209874,0.0,0.5,0.38461538461538464,0.6,0.4,1.0,0.4583333333333333,0.6,0.6,0.5,0.2631578947368421
118,0.4833688349991807,0.4382716049382716,0.0,0.5,0.38461538461538464,0.6,0.4,1.0,0.4583333333333333,0.6,0.6,0.6,0.3157894736842105
119,0.48746518105849584,0.4506172839506173,0.0,0.5,0.38461538461538464,0.6,0.4,1.0,0.4583333333333333,0.7,0.7,0.6,0.3157894736842105
120,0.4915615271178109,0.4567901234567901,0.0,0.5,0.38461538461538464,0.6,0.4,1.0,0.5,0.7,0.7,0.6,0.3157894736842105
121,0.495657873177126,0.46296296296296297,0.0,0.6,0.46153846153846156,0.6,0.4,1.0,0.5,0.7,0.7,0.6,0.3157894736842105
122,0.4997542192364411,0.46296296296296297,0.0,0.6,0.46153846153846156,0.6,0.4,1.0,0.5,0.7,0.7,0.6,0.3157894736842105
123,0.5038505652957562,0.46296296296296297,0.0,0.6,0.46153846153846156,0.6,0.4,1.0,0.5,0.7,0.7,0.6,0.3157894736842105
124,0.5079469113550713,0.46296296296296297,0.0,0.6,0.46153846153846156,0.6,0.4,1.0,0.5,0.7,0.7,0.6,0.3157894736842105
125,0.5120432574143864,0.4691358024691358,0.0,0.6,0.46153846153846156,0.6,0.4,1.0,0.5,0.7,0.7,0.7,0.3684210526315789
126,0.5161396034737015,0.4691358024691358,0.0,0.6,0.46153846153846156,0.6,0.4,1.0,0.5,0.7,0.7,0.7,0.3684210526315789
127,0.5202359495330166,0.4691358024691358,0.0,0.6,0.46153846153846156,0.6,0.4,1.0,0.5,0.7,0.7,0.7,0.3684210526315789
128,0.5243322955923316,0.4691358024691358,0.0,0.6,0.46153846153846156,0.6,0.4,1.0,0.5,0.7,0.7,0.7,0.3684210526315789
129,0.5284286416516467,0.47530864197530864,0.0,0.6,0.46153846153846156,0.6,0.4,1.0,0.5,0.7,0.7,0.8,0.42105263157894735
130,0.5325249877109618,0.47530864197530864,0.0,0.6,0.46153846153846156,0.6,0.4,1.0,0.5,0.7,0.7,0.8,0.42105263157894735
131,0.5366213337702769,0.47530864197530864,0.0,0.6,0.46153846153846156,0.6,0.4,1.0,0.5,0.7,0.7,0.8,0.42105263157894735
132,0.540717679829592,0.48148148148148145,0.0,0.6,0.46153846153846156,0.7,0.4666666666666667,1.0,0.5,0.7,0.7,0.8,0.42105263157894735
133,0.5448140258889071,0.48148148148148145,0.0,0.6,0.46153846153846156,0.7,0.4666666666666667,1.0,0.5,0.7,0.7,0.8,0.42105263157894735
134,0.5489103719482222,0.4876543209876543,0.0,0.6,0.46153846153846156,0.8,0.5333333333333333,1.0,0.5,0.7,0.7,0.8,0.42105263157894735
135,0.5530067180075373,0.4876543209876543,0.0,0.6,0.46153846153846156,0.8,0.5333333333333333,1.0,0.5,0.7,0.7,0.8,0.42105263157894735
136,0.5571030640668524,0.5061728395061729,0.0,0.6,0.46153846153846156,0.8,0.5333333333333333,1.0,0.5,0.7,0.7,0.9,0.47368421052631576
137,0.5611994101261675,0.5123456790123457,0.0,0.6,0.46153846153846156,0.8,0.5333333333333333,1.0,0.5,0.8,0.8,0.9,0.47368421052631576
138,0.5652957561854826,0.5123456790123457,0.0,0.6,0.46153846153846156,0.8,0.5333333333333333,1.0,0.5,0.8,0.8,0.9,0.47368421052631576
139,0.5693921022447976,0.5123456790123457,0.0,0.6,0.46153846153846156,0.8,0.5333333333333333,1.0,0.5,0.8,0.8,0.9,0.47368421052631576
140,0.5734884483041127,0.5185185185185185,0.0,0.6,0.46153846153846156,0.8,0.5333333333333333,1.0,0.5,0.8,0.8,0.9,0.47368421052631576
141,0.5775847943634278,0.5185185185185185,0.0,0.6,0.46153846153846156,0.8,0.5333333333333333,1.0,0.5,0.8,0.8,0.9,0.47368421052631576
142,0.5816811404227429,0.5308641975308642,0.0,0.6,0.46153846153846156,0.8,0.5333333333333333,1.0,0.5,0.8,0.8,0.9,0.47368421052631576
143,0.585777486482058,0.5370370370370371,0.0,0.6,0.46153846153846156,0.8,0.5333333333333333,1.0,0.5,0.8,0.8,0.9,0.47368421052631576
144,0.589873832541373,0.5370370370370371,0.0,0.6,0.46153846153846156,0.8,0.5333333333333333,1.0,0.5,0.8,0.8,0.9,0.47368421052631576
145,0.5939701786006882,0.5370370370370371,0.0,0.6,0.46153846153846156,0.8,0.5333333333333333,1.0,0.5,0.8,0.8,0.9,0.47368421052631576
146,0.5980665246600033,0.5493827160493827,0.0,0.7,0.5384615384615384,0.8,0.5333333333333333,1.0,0.5,0.8,0.8,0.9,0.47368421052631576
147,0.6021628707193184,0.5617283950617284,0.0,0.7,0.5384615384615384,0.8,0.5333333333333333,1.0,0.5,0.8,0.8,1.0,0.5263157894736842
148,0.6062592167786335,0.5617283950617284,0.0,0.7,0.5384615384615384,0.8,0.5333333333333333,1.0,0.5,0.8,0.8,1.0,0.5263157894736842
149,0.6103555628379486,0.5617283950617284,0.0,0.7,0.5384615384615384,0.8,0.5333333333333333,1.0,0.5,0.8,0.8,1.0,0.5263157894736842
150,0.6144519088972636,0.5617283950617284,0.0,0.7,0.5384615384615384,0.8,0.5333333333333333,1.0,0.5,0.8,0.8,1.0,0.5263157894736842
151,0.6185482549565787,0.5617283950617284,0.0,0.7,0.5384615384615384,0.8,0.5333333333333333,1.0,0.5,0.8,0.8,1.0,0.5263157894736842
152,0.6226446010158938,0.5617283950617284,0.0,0.7,0.5384615384615384,0.8,0.5333333333333333,1.0,0.5,0.8,0.8,1.0,0.5263157894736842
153,0.6267409470752089,0.5802469135802469,0.0,0.7,0.5384615384615384,0.9,0.6,1.0,0.5,0.8,0.8,1.0,0.5263157894736842
154,0.630837293134524,0.5925925925925926,0.0,0.8,0.6153846153846154,0.9,0.6,1.0,0.5416666666666666,0.8,0.8,1.0,0.5263157894736842
155,0.634933639193839,0.5925925925925926,0.0,0.8,0.6153846153846154,0.9,0.6,1.0,0.5416666666666666,0.8,0.8,1.0,0.5263157894736842
156,0.6390299852531541,0.5925925925925926,0.0,0.8,0.6153846153846154,0.9,0.6,1.0,0.5416666666666666,0.8,0.8,1.0,0.5263157894736842
157,0.6431263313124693,0.5925925925925926,0.0,0.8,0.6153846153846154,0.9,0.6,1.0,0.5416666666666666,0.8,0.8,1.0,0.5263157894736842
158,0.6472226773717844,0.6049382716049383,0.0,0.8,0.6153846153846154,0.9,0.6,1.0,0.5416666666666666,0.8,0.8,1.0,0.5263157894736842
159,0.6513190234310995,0.6172839506172839,0.0,0.8,0.6153846153846154,0.9,0.6,1.0,0.5416666666666666,0.8,0.8,1.0,0.5263157894736842
160,0.6554153694904146,0.6172839506172839,0.0,0.8,0.6153846153846154,0.9,0.6,1.0,0.5416666666666666,0.8,0.8,1.0,0.5263157894736842
161,0.6595117155497296,0.6172839506172839,0.0,0.8,0.6153846153846154,0.9,0.6,1.0,0.5416666666666666,0.8,0.8,1.0,0.5263157894736842
162,0.6636080616090447,0.6234567901234568,0.0,0.8,0.6153846153846154,0.9,0.6,1.0,0.5416666666666666,0.8,0.8,1.0,0.5263157894736842
163,0.6677044076683598,0.6296296296296297,0.0,0.8,0.6153846153846154,0.9,0.6,1.0,0.5416666666666666,0.8,0.8,1.0,0.5263157894736842
164,0.6718007537276749,0.6481481481481481,0.0,0.9,0.6923076923076923,1.0,0.6666666666666666,1.0,0.5416666666666666,0.8,0.8,1.0,0.5789473684210527
165,0.67589709978699,0.6728395061728395,0.0,0.9,0.6923076923076923,1.0,0.6666666666666666,1.0,0.5416666666666666,0.8,0.8,1.0,0.631578947368421
166,0.6799934458463051,0.6790123456790124,0.0,0.9,0.6923076923076923,1.0,0.6666666666666666,1.0,0.5416666666666666,0.8,0.8,1.0,0.631578947368421
167,0.6840897919056201,0.6851851851851852,0.0,0.9,0.6923076923076923,1.0,0.6666666666666666,1.0,0.5833333333333334,0.8,0.8,1.0,0.631578947368421
168,0.6881861379649353,0.6851851851851852,0.0,0.9,0.6923076923076923,1.0,0.6666666666666666,1.0,0.5833333333333334,0.8,0.8,1.0,0.631578947368421
169,0.6922824840242504,0.6975308641975309,0.0,0.9,0.6923076923076923,1.0,0.7333333333333333,1.0,0.5833333333333334,0.8,0.8,1.0,0.631578947368421
170,0.6963788300835655,0.6975308641975309,0.0,0.9,0.6923076923076923,1.0,0.7333333333333333,1.0,0.5833333333333334,0.8,0.8,1.0,0.631578947368421
171,0.7004751761428806,0.6975308641975309,0.0,0.9,0.6923076923076923,1.0,0.7333333333333333,1.0,0.5833333333333334,0.8,0.8,1.0,0.631578947368421
172,0.7045715222021957,0.7098765432098766,0.0,0.9,0.6923076923076923,1.0,0.7333333333333333,1.0,0.5833333333333334,0.8,0.8,1.0,0.6842105263157895
173,0.7086678682615107,0.7098765432098766,0.0,0.9,0.6923076923076923,1.0,0.7333333333333333,1.0,0.5833333333333334,0.8,0.8,1.0,0.6842105263157895
174,0.7127642143208258,0.7160493827160493,0.0,0.9,0.6923076923076923,1.0,0.7333333333333333,1.0,0.5833333333333334,0.8,0.8,1.0,0.7368421052631579
175,0.7168605603801409,0.7160493827160493,0.0,0.9,0.6923076923076923,1.0,0.7333333333333333,1.0,0.5833333333333334,0.8,0.8,1.0,0.7368421052631579
176,0.720956906439456,0.7160493827160493,0.0,0.9,0.6923076923076923,1.0,0.7333333333333333,1.0,0.5833333333333334,0.8,0.8,1.0,0.7368421052631579
177,0.7250532524987711,0.7345679012345679,0.2,0.9,0.6923076923076923,1.0,0.7333333333333333,1.0,0.625,0.8,0.8,1.0,0.7894736842105263
178,0.7291495985580861,0.7345679012345679,0.2,0.9,0.6923076923076923,1.0,0.7333333333333333,1.0,0.625,0.8,0.8,1.0,0.7894736842105263
179,0.7332459446174012,0.7345679012345679,0.2,0.9,0.6923076923076923,1.0,0.7333333333333333,1.0,0.625,0.8,0.8,1.0,0.7894736842105263
180,0.7373422906767164,0.7469135802469136,0.2,0.9,0.6923076923076923,1.0,0.7333333333333333,1.0,0.6666666666666666,0.8,0.8,1.0,0.7894736842105263
181,0.7414386367360315,0.7530864197530864,0.4,0.9,0.6923076923076923,1.0,0.7333333333333333,1.0,0.6666666666666666,0.8,0.8,1.0,0.8421052631578947
182,0.7455349827953466,0.7592592592592593,0.4,0.9,0.6923076923076923,1.0,0.7333333333333333,1.0,0.7083333333333334,0.8,0.8,1.0,0.8421052631578947
183,0.7496313288546617,0.7592592592592593,0.4,0.9,0.6923076923076923,1.0,0.7333333333333333,1.0,0.7083333333333334,0.8,0.8,1.0,0.8421052631578947
184,0.7537276749139767,0.7592592592592593,0.4,0.9,0.6923076923076923,1.0,0.7333333333333333,1.0,0.7083333333333334,0.8,0.8,1.0,0.8421052631578947
185,0.7578240209732918,0.7716049382716049,0.4,0.9,0.6923076923076923,1.0,0.8,1.0,0.7083333333333334,0.8,0.8,1.0,0.8421052631578947
186,0.7619203670326069,0.7777777777777778,0.4,0.9,0.6923076923076923,1.0,0.8,1.0,0.7083333333333334,0.8,0.8,1.0,0.8947368421052632
187,0.766016713091922,0.7839506172839507,0.4,0.9,0.6923076923076923,1.0,0.8,1.0,0.7083333333333334,0.9,0.9,1.0,0.8947368421052632
188,0.7701130591512371,0.7901234567901234,0.4,0.9,0.6923076923076923,1.0,0.8,1.0,0.75,0.9,0.9,1.0,0.8947368421052632
189,0.7742094052105521,0.7901234567901234,0.4,0.9,0.6923076923076923,1.0,0.8,1.0,0.75,0.9,0.9,1.0,0.8947368421052632
190,0.7783057512698672,0.8024691358024691,0.4,1.0,0.7692307692307693,1.0,0.8,1.0,0.75,0.9,0.9,1.0,0.8947368421052632
191,0.7824020973291824,0.8024691358024691,0.4,1.0,0.7692307692307693,1.0,0.8,1.0,0.75,0.9,0.9,1.0,0.8947368421052632
192,0.7864984433884975,0.808641975308642,0.4,1.0,0.8461538461538461,1.0,0.8,1.0,0.75,0.9,0.9,1.0,0.8947368421052632
193,0.7905947894478126,0.808641975308642,0.4,1.0,0.8461538461538461,1.0,0.8,1.0,0.75,0.9,0.9,1.0,0.8947368421052632
194,0.7946911355071277,0.8148148148148148,0.4,1.0,0.8461538461538461,1.0,0.8666666666666667,1.0,0.75,0.9,0.9,1.0,0.8947368421052632
195,0.7987874815664427,0.8209876543209876,0.4,1.0,0.8461538461538461,1.0,0.8666666666666667,1.0,0.75,0.9,0.9,1.0,0.8947368421052632
196,0.8028838276257578,0.8271604938271605,0.4,1.0,0.8461538461538461,1.0,0.8666666666666667,1.0,0.75,0.9,0.9,1.0,0.8947368421052632
197,0.8069801736850729,0.8395061728395061,0.4,1.0,0.8461538461538461,1.0,0.8666666666666667,1.0,0.75,0.9,0.9,1.0,0.8947368421052632
198,0.811076519744388,0.8518518518518519,0.8,1.0,0.9230769230769231,1.0,0.9333333333333333,1.0,0.75,0.9,0.9,1.0,0.8947368421052632
199,0.8151728658037031,0.8580246913580247,0.8,1.0,0.9230769230769231,1.0,0.9333333333333333,1.0,0.7916666666666666,0.9,0.9,1.0,0.8947368421052632
200,0.8192692118630182,0.8641975308641975,0.8,1.0,0.9230769230769231,1.0,0.9333333333333333,1.0,0.7916666666666666,0.9,0.9,1.0,0.8947368421052632
201,0.8233655579223332,0.8765432098765432,0.8,1.0,0.9230769230769231,1.0,0.9333333333333333,1.0,0.7916666666666666,0.9,0.9,1.0,0.9473684210526315
202,0.8274619039816483,0.8827160493827161,0.8,1.0,0.9230769230769231,1.0,0.9333333333333333,1.0,0.8333333333333334,0.9,0.9,1.0,0.9473684210526315
203,0.8315582500409635,0.8888888888888888,0.8,1.0,0.9230769230769231,1.0,0.9333333333333333,1.0,0.8333333333333334,0.9,0.9,1.0,0.9473684210526315
204,0.8356545961002786,0.8888888888888888,0.8,1.0,0.9230769230769231,1.0,0.9333333333333333,1.0,0.8333333333333334,0.9,0.9,1.0,0.9473684210526315
205,0.8397509421595937,0.8888888888888888,0.8,1.0,0.9230769230769231,1.0,0.9333333333333333,1.0,0.8333333333333334,0.9,0.9,1.0,0.9473684210526315
206,0.8438472882189088,0.8950617283950617,0.8,1.0,0.9230769230769231,1.0,0.9333333333333333,1.0,0.875,0.9,0.9,1.0,0.9473684210526315
207,0.8479436342782238,0.8950617283950617,0.8,1.0,0.9230769230769231,1.0,0.9333333333333333,1.0,0.875,0.9,0.9,1.0,0.9473684210526315
208,0.8520399803375389,0.8950617283950617,0.8,1.0,0.9230769230769231,1.0,0.9333333333333333,1.0,0.875,0.9,0.9,1.0,0.9473684210526315
209,0.856136326396854,0.8950617283950617,0.8,1.0,0.9230769230769231,1.0,0.9333333333333333,1.0,0.875,0.9,0.9,1.0,0.9473684210526315
210,0.8602326724561691,0.8950617283950617,0.8,1.0,0.9230769230769231,1.0,0.9333333333333333,1.0,0.875,0.9,0.9,1.0,0.9473684210526315
211,0.8643290185154842,0.8950617283950617,0.8,1.0,0.9230769230769231,1.0,0.9333333333333333,1.0,0.875,0.9,0.9,1.0,0.9473684210526315
212,0.8684253645747992,0.9012345679012346,0.8,1.0,0.9230769230769231,1.0,0.9333333333333333,1.0,0.875,0.9,0.9,1.0,0.9473684210526315
213,0.8725217106341143,0.9074074074074074,0.8,1.0,0.9230769230769231,1.0,0.9333333333333333,1.0,0.875,0.9,0.9,1.0,0.9473684210526315
214,0.8766180566934295,0.9320987654320988,0.8,1.0,0.9230769230769231,1.0,0.9333333333333333,1.0,1.0,0.9,0.9,1.0,0.9473684210526315
215,0.8807144027527446,0.9567901234567902,0.8,1.0,1.0,1.0,0.9333333333333333,1.0,1.0,0.9,0.9,1.0,1.0
216,0.8848107488120597,0.9567901234567902,0.8,1.0,1.0,1.0,0.9333333333333333,1.0,1.0,0.9,0.9,1.0,1.0
217,0.8889070948713748,0.9567901234567902,0.8,1.0,1.0,1.0,0.9333333333333333,1.0,1.0,0.9,0.9,1.0,1.0
218,0.8930034409306898,0.9567901234567902,0.8,1.0,1.0,1.0,0.9333333333333333,1.0,1.0,0.9,0.9,1.0,1.0
219,0.8970997869900049,0.9567901234567902,0.8,1.0,1.0,1.0,0.9333333333333333,1.0,1.0,0.9,0.9,1.0,1.0
220,0.90119613304932,0.9567901234567902,0.8,1.0,1.0,1.0,0.9333333333333333,1.0,1.0,0.9,0.9,1.0,1.0
221,0.9052924791086351,0.9567901234567902,0.8,1.0,1.0,1.0,0.9333333333333333,1.0,1.0,0.9,0.9,1.0,1.0
222,0.9093888251679502,0.9629629629629629,0.8,1.0,1.0,1.0,0.9333333333333333,1.0,1.0,0.9,0.9,1.0,1.0
223,0.9134851712272652,0.9691358024691358,0.8,1.0,1.0,1.0,1.0,1.0,1.0,0.9,0.9,1.0,1.0
224,0.9175815172865803,0.9691358024691358,0.8,1.0,1.0,1.0,1.0,1.0,1.0,0.9,0.9,1.0,1.0
225,0.9216778633458954,0.9691358024691358,0.8,1.0,1.0,1.0,1.0,1.0,1.0,0.9,0.9,1.0,1.0
226,0.9257742094052106,0.9691358024691358,0.8,1.0,1.0,1.0,1.0,1.0,1.0,0.9,0.9,1.0,1.0
227,0.9298705554645257,0.9691358024691358,0.8,1.0,1.0,1.0,1.0,1.0,1.0,0.9,0.9,1.0,1.0
228,0.9339669015238408,0.9691358024691358,0.8,1.0,1.0,1.0,1.0,1.0,1.0,0.9,0.9,1.0,1.0
229,0.9380632475831558,0.9691358024691358,0.8,1.0,1.0,1.0,1.0,1.0,1.0,0.9,0.9,1.0,1.0
230,0.9421595936424709,0.9691358024691358,0.8,1.0,1.0,1.0,1.0,1.0,1.0,0.9,0.9,1.0,1.0
231,0.946255939701786,0.9691358024691358,0.8,1.0,1.0,1.0,1.0,1.0,1.0,0.9,0.9,1.0,1.0
232,0.9503522857611011,0.9691358024691358,0.8,1.0,1.0,1.0,1.0,1.0,1.0,0.9,0.9,1.0,1.0
233,0.9544486318204162,0.9691358024691358,0.8,1.0,1.0,1.0,1.0,1.0,1.0,0.9,0.9,1.0,1.0
234,0.9585449778797313,0.9691358024691358,0.8,1.0,1.0,1.0,1.0,1.0,1.0,0.9,0.9,1.0,1.0
235,0.9626413239390463,0.9753086419753086,0.8,1.0,1.0,1.0,1.0,1.0,1.0,0.9,0.9,1.0,1.0
236,0.9667376699983614,0.9814814814814815,0.8,1.0,1.0,1.0,1.0,1.0,1.0,0.9,0.9,1.0,1.0
237,0.9708340160576766,0.9876543209876543,0.8,1.0,1.0,1.0,1.0,1.0,1.0,0.9,0.9,1.0,1.0
238,0.9749303621169917,0.9876543209876543,0.8,1.0,1.0,1.0,1.0,1.0,1.0,0.9,0.9,1.0,1.0
239,0.9790267081763068,0.9938271604938271,0.8,1.0,1.0,1.0,1.0,1.0,1.0,0.9,0.9,1.0,1.0
240,0.9831230542356219,0.9938271604938271,0.8,1.0,1.0,1.0,1.0,1.0,1.0,0.9,0.9,1.0,1.0
241,0.9872194002949369,0.9938271604938271,0.8,1.0,1.0,1.0,1.0,1.0,1.0,0.9,0.9,1.0,1.0
242,0.991315746354252,0.9938271604938271,0.8,1.0,1.0,1.0,1.0,1.0,1.0,0.9,0.9,1.0,1.0
243,0.9954120924135671,1.0,1.0,1.0,1.0,1.0,1.0,1.0,1.0,1.0,1.0,1.0,1.0
244,0.9995084384728822,1.0,1.0,1.0,1.0,1.0,1.0,1.0,1.0,1.0,1.0,1.0,1.0
245,1.0,1.0,1.0,1.0,1.0,1.0,1.0,1.0,1.0,1.0,1.0,1.0,1.0
