Iteration,Queried X/ All X,Queried misclassified samples / All misclassified samples,Detected patterns / All patterns,Pattern 0 (%),Pattern 0 (% Detected),Pattern 1 (%),Pattern 1 (% Detected),Pattern 2 (%),Pattern 2 (% Detected),Pattern 3 (%),Pattern 3 (% Detected),Pattern 4 (%),Pattern 4 (% Detected),Pattern 5 (%),Pattern 5 (% Detected)
1,0.004074979625101874,0.0043821209465381246,0.0,0.0,0.0,0.1,0.017857142857142856,0.0,0.0,0.0,0.0,0.0,0.0,0.0,0.0
2,0.008149959250203748,0.007011393514460999,0.0,0.2,0.0060790273556231,0.1,0.017857142857142856,0.0,0.0,0.0,0.0,0.0,0.0,0.0,0.0
3,0.012224938875305624,0.011393514460999123,0.0,0.3,0.00911854103343465,0.1,0.017857142857142856,0.0,0.0,0.0,0.0,0.0,0.0,0.0,0.0
4,0.016299918500407497,0.017528483786152498,0.0,0.7,0.02127659574468085,0.1,0.017857142857142856,0.0,0.0,0.0,0.0,0.0,0.0,0.0,0.0
5,0.020374898125509373,0.026292725679228746,0.0,1.0,0.03343465045592705,0.3,0.05357142857142857,0.0,0.0,0.0,0.0,0.0,0.0,0.0,0.0
6,0.02444987775061125,0.03155127081507449,0.0,1.0,0.0425531914893617,0.4,0.07142857142857142,0.0,0.0,0.0,0.0,0.0,0.0,0.0,0.0
7,0.02852485737571312,0.035056967572304996,0.0,1.0,0.0486322188449848,0.4,0.07142857142857142,0.0,0.0,0.0,0.0,0.0,0.0,0.0,0.0
8,0.032599837000814993,0.042068361086765996,0.0,1.0,0.05167173252279635,0.7,0.125,0.0,0.0,0.0,0.0,0.0,0.0,0.0,0.0
9,0.03667481662591687,0.044697633654688866,0.0,1.0,0.05167173252279635,0.7,0.125,0.0,0.0,0.0,0.0,0.0,0.0,0.0,0.0
10,0.040749796251018745,0.04732690622261174,0.0,1.0,0.05167173252279635,0.7,0.125,0.0,0.0,0.0,0.0,0.0,0.0,0.0,0.0
11,0.04482477587612062,0.05258545135845749,0.0,1.0,0.05167173252279635,0.7,0.125,0.0,0.0,0.0,0.0,0.0,0.0,0.0,0.0
12,0.0488997555012225,0.05433829973707274,0.0,1.0,0.05167173252279635,0.7,0.125,0.0,0.0,0.0,0.0,0.0,0.0,0.0,0.0
13,0.05297473512632437,0.057843996494303246,0.0,1.0,0.05167173252279635,0.7,0.125,0.1,0.047619047619047616,0.0,0.0,0.0,0.0,0.0,0.0
14,0.05704971475142624,0.06222611744084137,0.0,1.0,0.0547112462006079,0.7,0.125,0.1,0.047619047619047616,0.0,0.0,0.0,0.0,0.0,0.0
15,0.061124694376528114,0.06485539000876424,0.0,1.0,0.0547112462006079,0.7,0.125,0.1,0.047619047619047616,0.0,0.0,0.0,0.0,0.0,0.0
16,0.06519967400162999,0.06923751095530237,0.0,1.0,0.0547112462006079,0.7,0.125,0.1,0.047619047619047616,0.0,0.0,0.0,0.0,0.0,0.0
17,0.06927465362673187,0.07186678352322524,0.0,1.0,0.0547112462006079,0.8,0.14285714285714285,0.1,0.047619047619047616,0.0,0.0,0.0,0.0,0.0,0.0
18,0.07334963325183375,0.07537248028045573,0.0,1.0,0.0547112462006079,0.8,0.14285714285714285,0.1,0.047619047619047616,0.0,0.0,0.0,0.0,0.0,0.0
19,0.07742461287693561,0.07887817703768624,0.0,1.0,0.057750759878419454,0.8,0.14285714285714285,0.1,0.047619047619047616,0.0,0.0,0.0,0.0,0.0,0.0
20,0.08149959250203749,0.08413672217353199,0.0,1.0,0.057750759878419454,0.9,0.16071428571428573,0.1,0.047619047619047616,0.0,0.0,0.0,0.0,0.1,0.05263157894736842
21,0.08557457212713937,0.08939526730937773,0.0,1.0,0.060790273556231005,0.9,0.16071428571428573,0.1,0.047619047619047616,0.0,0.0,0.0,0.0,0.1,0.05263157894736842
22,0.08964955175224124,0.09377738825591586,0.0,1.0,0.060790273556231005,1.0,0.17857142857142858,0.1,0.047619047619047616,0.0,0.0,0.0,0.0,0.1,0.05263157894736842
23,0.09372453137734311,0.10254163014899212,0.0,1.0,0.06382978723404255,1.0,0.17857142857142858,0.1,0.047619047619047616,0.0,0.0,0.0,0.0,0.1,0.05263157894736842
24,0.097799511002445,0.10867659947414549,0.0,1.0,0.0668693009118541,1.0,0.17857142857142858,0.1,0.047619047619047616,0.0,0.0,0.0,0.0,0.1,0.05263157894736842
25,0.10187449062754686,0.11568799298860649,0.0,1.0,0.0729483282674772,1.0,0.19642857142857142,0.1,0.047619047619047616,0.0,0.0,0.0,0.0,0.1,0.05263157894736842
26,0.10594947025264874,0.12182296231375986,0.0,1.0,0.08206686930091185,1.0,0.19642857142857142,0.1,0.047619047619047616,0.0,0.0,0.0,0.0,0.2,0.10526315789473684
27,0.1100244498777506,0.12795793163891322,0.0,1.0,0.08814589665653495,1.0,0.19642857142857142,0.1,0.047619047619047616,0.0,0.0,0.0,0.0,0.2,0.10526315789473684
28,0.11409942950285248,0.13321647677475898,0.0,1.0,0.0911854103343465,1.0,0.19642857142857142,0.1,0.047619047619047616,0.0,0.0,0.0,0.0,0.2,0.10526315789473684
29,0.11817440912795436,0.1375985977212971,0.0,1.0,0.0972644376899696,1.0,0.19642857142857142,0.1,0.047619047619047616,0.0,0.0,0.0,0.0,0.2,0.10526315789473684
30,0.12224938875305623,0.1437335670464505,0.0,1.0,0.1033434650455927,1.0,0.19642857142857142,0.1,0.047619047619047616,0.0,0.0,0.0,0.0,0.2,0.10526315789473684
31,0.1263243683781581,0.147239263803681,0.0,1.0,0.1094224924012158,1.0,0.19642857142857142,0.1,0.047619047619047616,0.0,0.0,0.0,0.0,0.2,0.10526315789473684
32,0.13039934800325997,0.1551270815074496,0.0,1.0,0.11550151975683891,1.0,0.19642857142857142,0.1,0.047619047619047616,0.0,0.0,0.0,0.0,0.3,0.15789473684210525
33,0.13447432762836187,0.16038562664329536,0.0,1.0,0.12158054711246201,1.0,0.19642857142857142,0.1,0.047619047619047616,0.0,0.0,0.0,0.0,0.3,0.15789473684210525
34,0.13854930725346373,0.16652059596844873,0.0,1.0,0.13069908814589665,1.0,0.19642857142857142,0.1,0.047619047619047616,0.0,0.0,0.0,0.0,0.3,0.15789473684210525
35,0.1426242868785656,0.1726555652936021,0.0,1.0,0.13677811550151975,1.0,0.19642857142857142,0.1,0.047619047619047616,0.0,0.0,0.0,0.0,0.4,0.21052631578947367
36,0.1466992665036675,0.175284837861525,0.0,1.0,0.13677811550151975,1.0,0.19642857142857142,0.1,0.047619047619047616,0.0,0.0,0.0,0.0,0.4,0.21052631578947367
37,0.15077424612876936,0.18229623137598597,0.0,1.0,0.1398176291793313,1.0,0.19642857142857142,0.1,0.047619047619047616,0.0,0.0,0.0,0.0,0.4,0.21052631578947367
38,0.15484922575387122,0.1901840490797546,0.0,1.0,0.14893617021276595,1.0,0.19642857142857142,0.1,0.047619047619047616,0.0,0.0,0.0,0.0,0.4,0.21052631578947367
39,0.15892420537897312,0.19456617002629273,0.0,1.0,0.14893617021276595,1.0,0.19642857142857142,0.1,0.047619047619047616,0.0,0.0,0.0,0.0,0.5,0.2631578947368421
40,0.16299918500407498,0.19894829097283084,0.0,1.0,0.14893617021276595,1.0,0.19642857142857142,0.1,0.047619047619047616,0.0,0.0,0.0,0.0,0.5,0.2631578947368421
41,0.16707416462917685,0.20683610867659946,0.0,1.0,0.1580547112462006,1.0,0.19642857142857142,0.1,0.047619047619047616,0.0,0.0,0.0,0.0,0.6,0.3157894736842105
42,0.17114914425427874,0.2085889570552147,0.0,1.0,0.16109422492401215,1.0,0.19642857142857142,0.1,0.047619047619047616,0.0,0.0,0.0,0.0,0.6,0.3157894736842105
43,0.1752241238793806,0.21560035056967572,0.16666666666666666,1.0,0.16717325227963525,1.0,0.19642857142857142,0.1,0.047619047619047616,0.1,0.07142857142857142,0.0,0.0,0.6,0.3157894736842105
44,0.17929910350448247,0.21998247151621383,0.16666666666666666,1.0,0.16717325227963525,1.0,0.19642857142857142,0.1,0.047619047619047616,0.1,0.07142857142857142,0.0,0.0,0.6,0.3157894736842105
45,0.18337408312958436,0.2252410166520596,0.16666666666666666,1.0,0.1702127659574468,1.0,0.19642857142857142,0.1,0.047619047619047616,0.1,0.07142857142857142,0.1,0.04,0.6,0.3157894736842105
46,0.18744906275468623,0.23049956178790534,0.16666666666666666,1.0,0.1702127659574468,1.0,0.19642857142857142,0.1,0.047619047619047616,0.1,0.07142857142857142,0.2,0.08,0.7,0.3684210526315789
47,0.1915240423797881,0.2331288343558282,0.16666666666666666,1.0,0.1702127659574468,1.0,0.21428571428571427,0.1,0.047619047619047616,0.1,0.07142857142857142,0.3,0.12,0.7,0.3684210526315789
48,0.19559902200489,0.23488168273444346,0.16666666666666666,1.0,0.1702127659574468,1.0,0.21428571428571427,0.1,0.047619047619047616,0.1,0.07142857142857142,0.3,0.12,0.8,0.42105263157894735
49,0.19967400162999185,0.24101665205959685,0.16666666666666666,1.0,0.17325227963525835,1.0,0.21428571428571427,0.1,0.047619047619047616,0.1,0.07142857142857142,0.3,0.12,1.0,0.5263157894736842
50,0.20374898125509372,0.2427695004382121,0.16666666666666666,1.0,0.17933130699088146,1.0,0.21428571428571427,0.1,0.047619047619047616,0.1,0.07142857142857142,0.3,0.12,1.0,0.5263157894736842
51,0.2078239608801956,0.24715162138475022,0.16666666666666666,1.0,0.17933130699088146,1.0,0.23214285714285715,0.1,0.047619047619047616,0.1,0.07142857142857142,0.3,0.12,1.0,0.5263157894736842
52,0.21189894050529748,0.2506573181419807,0.16666666666666666,1.0,0.17933130699088146,1.0,0.23214285714285715,0.1,0.047619047619047616,0.1,0.07142857142857142,0.3,0.12,1.0,0.5263157894736842
53,0.21597392013039934,0.25766871165644173,0.3333333333333333,1.0,0.17933130699088146,1.0,0.23214285714285715,0.1,0.047619047619047616,0.1,0.07142857142857142,0.5,0.2,1.0,0.5789473684210527
54,0.2200488997555012,0.25942156003505695,0.3333333333333333,1.0,0.17933130699088146,1.0,0.23214285714285715,0.1,0.047619047619047616,0.1,0.07142857142857142,0.5,0.2,1.0,0.5789473684210527
55,0.2241238793806031,0.26205083260297984,0.3333333333333333,1.0,0.18541033434650456,1.0,0.23214285714285715,0.1,0.047619047619047616,0.1,0.07142857142857142,0.5,0.2,1.0,0.5789473684210527
56,0.22819885900570497,0.26555652936021035,0.3333333333333333,1.0,0.18541033434650456,1.0,0.23214285714285715,0.1,0.047619047619047616,0.1,0.07142857142857142,0.5,0.2,1.0,0.5789473684210527
57,0.23227383863080683,0.26906222611744085,0.3333333333333333,1.0,0.1884498480243161,1.0,0.23214285714285715,0.1,0.047619047619047616,0.1,0.07142857142857142,0.5,0.2,1.0,0.5789473684210527
58,0.23634881825590873,0.27344434706397897,0.3333333333333333,1.0,0.1884498480243161,1.0,0.25,0.1,0.047619047619047616,0.1,0.07142857142857142,0.5,0.2,1.0,0.5789473684210527
59,0.2404237978810106,0.27957931638913236,0.3333333333333333,1.0,0.19148936170212766,1.0,0.26785714285714285,0.1,0.047619047619047616,0.1,0.07142857142857142,0.5,0.2,1.0,0.5789473684210527
60,0.24449877750611246,0.2839614373356705,0.3333333333333333,1.0,0.19148936170212766,1.0,0.26785714285714285,0.1,0.047619047619047616,0.1,0.07142857142857142,0.5,0.2,1.0,0.5789473684210527
61,0.24857375713121435,0.2892199824715162,0.3333333333333333,1.0,0.1945288753799392,1.0,0.30357142857142855,0.1,0.047619047619047616,0.1,0.07142857142857142,0.5,0.2,1.0,0.5789473684210527
62,0.2526487367563162,0.2936021034180543,0.3333333333333333,1.0,0.19756838905775076,1.0,0.32142857142857145,0.1,0.047619047619047616,0.1,0.07142857142857142,0.5,0.2,1.0,0.5789473684210527
63,0.2567237163814181,0.2988606485539001,0.3333333333333333,1.0,0.19756838905775076,1.0,0.32142857142857145,0.1,0.047619047619047616,0.1,0.07142857142857142,0.5,0.2,1.0,0.5789473684210527
64,0.26079869600651995,0.3032427695004382,0.3333333333333333,1.0,0.19756838905775076,1.0,0.3392857142857143,0.1,0.047619047619047616,0.1,0.07142857142857142,0.5,0.2,1.0,0.5789473684210527
65,0.26487367563162184,0.3093777388255916,0.3333333333333333,1.0,0.2006079027355623,1.0,0.35714285714285715,0.1,0.047619047619047616,0.2,0.14285714285714285,0.5,0.2,1.0,0.5789473684210527
66,0.26894865525672373,0.31463628396143734,0.3333333333333333,1.0,0.20364741641337386,1.0,0.35714285714285715,0.1,0.047619047619047616,0.2,0.14285714285714285,0.5,0.2,1.0,0.5789473684210527
67,0.27302363488182557,0.3172655565293602,0.3333333333333333,1.0,0.20364741641337386,1.0,0.35714285714285715,0.1,0.047619047619047616,0.2,0.14285714285714285,0.5,0.2,1.0,0.5789473684210527
68,0.27709861450692747,0.32164767747589834,0.3333333333333333,1.0,0.20364741641337386,1.0,0.35714285714285715,0.1,0.047619047619047616,0.3,0.21428571428571427,0.5,0.2,1.0,0.5789473684210527
69,0.28117359413202936,0.32778264680105174,0.3333333333333333,1.0,0.20972644376899696,1.0,0.35714285714285715,0.1,0.047619047619047616,0.4,0.2857142857142857,0.5,0.2,1.0,0.5789473684210527
70,0.2852485737571312,0.33304119193689746,0.3333333333333333,1.0,0.21580547112462006,1.0,0.375,0.1,0.047619047619047616,0.4,0.2857142857142857,0.6,0.24,1.0,0.631578947368421
71,0.2893235533822331,0.3382997370727432,0.3333333333333333,1.0,0.2188449848024316,1.0,0.39285714285714285,0.1,0.047619047619047616,0.4,0.2857142857142857,0.6,0.24,1.0,0.631578947368421
72,0.293398533007335,0.3444347063978966,0.3333333333333333,1.0,0.23100303951367782,1.0,0.39285714285714285,0.1,0.047619047619047616,0.4,0.2857142857142857,0.6,0.24,1.0,0.631578947368421
73,0.2974735126324368,0.3461875547765118,0.3333333333333333,1.0,0.23100303951367782,1.0,0.39285714285714285,0.1,0.047619047619047616,0.5,0.35714285714285715,0.6,0.24,1.0,0.631578947368421
74,0.3015484922575387,0.3496932515337423,0.3333333333333333,1.0,0.23404255319148937,1.0,0.39285714285714285,0.1,0.047619047619047616,0.5,0.35714285714285715,0.6,0.24,1.0,0.631578947368421
75,0.3056234718826406,0.3514460999123576,0.3333333333333333,1.0,0.23708206686930092,1.0,0.39285714285714285,0.1,0.047619047619047616,0.5,0.35714285714285715,0.6,0.24,1.0,0.631578947368421
76,0.30969845150774244,0.3567046450482033,0.3333333333333333,1.0,0.24316109422492402,1.0,0.42857142857142855,0.1,0.047619047619047616,0.5,0.35714285714285715,0.6,0.24,1.0,0.631578947368421
77,0.31377343113284434,0.3619631901840491,0.5,1.0,0.24620060790273557,1.0,0.44642857142857145,0.1,0.047619047619047616,0.6,0.42857142857142855,0.6,0.24,1.0,0.631578947368421
78,0.31784841075794623,0.3672217353198948,0.5,1.0,0.25227963525835867,1.0,0.44642857142857145,0.1,0.047619047619047616,0.6,0.42857142857142855,0.6,0.24,1.0,0.631578947368421
79,0.32192339038304807,0.3698510078878177,0.5,1.0,0.2553191489361702,1.0,0.44642857142857145,0.1,0.047619047619047616,0.6,0.42857142857142855,0.6,0.24,1.0,0.631578947368421
80,0.32599837000814996,0.37423312883435583,0.5,1.0,0.25835866261398177,1.0,0.44642857142857145,0.1,0.047619047619047616,0.6,0.42857142857142855,0.6,0.24,1.0,0.631578947368421
81,0.33007334963325186,0.37861524978089395,0.5,1.0,0.2613981762917933,1.0,0.44642857142857145,0.1,0.047619047619047616,0.6,0.42857142857142855,0.6,0.24,1.0,0.6842105263157895
82,0.3341483292583537,0.3838737949167397,0.5,1.0,0.2674772036474164,1.0,0.44642857142857145,0.1,0.047619047619047616,0.6,0.42857142857142855,0.6,0.24,1.0,0.6842105263157895
83,0.3382233088834556,0.38650306748466257,0.5,1.0,0.270516717325228,1.0,0.44642857142857145,0.1,0.047619047619047616,0.6,0.42857142857142855,0.6,0.24,1.0,0.6842105263157895
84,0.3422982885085575,0.39000876424189307,0.5,1.0,0.270516717325228,1.0,0.4642857142857143,0.1,0.047619047619047616,0.6,0.42857142857142855,0.6,0.24,1.0,0.6842105263157895
85,0.3463732681336593,0.3987730061349693,0.5,1.0,0.2796352583586626,1.0,0.4642857142857143,0.1,0.047619047619047616,0.7,0.5,0.6,0.24,1.0,0.6842105263157895
86,0.3504482477587612,0.4014022787028922,0.5,1.0,0.2826747720364742,1.0,0.4642857142857143,0.1,0.047619047619047616,0.8,0.5714285714285714,0.6,0.24,1.0,0.6842105263157895
87,0.3545232273838631,0.4049079754601227,0.5,1.0,0.2857142857142857,1.0,0.4642857142857143,0.1,0.047619047619047616,0.8,0.5714285714285714,0.6,0.24,1.0,0.6842105263157895
88,0.35859820700896494,0.4119193689745837,0.5,1.0,0.2887537993920973,1.0,0.4642857142857143,0.1,0.047619047619047616,0.8,0.5714285714285714,0.6,0.24,1.0,0.6842105263157895
89,0.36267318663406684,0.4136722173531989,0.5,1.0,0.2917933130699088,1.0,0.4642857142857143,0.1,0.047619047619047616,0.8,0.5714285714285714,0.6,0.24,1.0,0.6842105263157895
90,0.36674816625916873,0.4198071866783523,0.5,1.0,0.2917933130699088,1.0,0.4642857142857143,0.1,0.047619047619047616,0.8,0.5714285714285714,0.6,0.24,1.0,0.6842105263157895
91,0.37082314588427057,0.42506573181419804,0.5,1.0,0.3009118541033435,1.0,0.4642857142857143,0.1,0.047619047619047616,0.8,0.5714285714285714,0.6,0.24,1.0,0.6842105263157895
92,0.37489812550937246,0.4329535495179667,0.5,1.0,0.3100303951367781,1.0,0.4642857142857143,0.1,0.047619047619047616,0.8,0.5714285714285714,0.7,0.28,1.0,0.6842105263157895
93,0.37897310513447435,0.43821209465381245,0.5,1.0,0.3191489361702128,1.0,0.4642857142857143,0.1,0.047619047619047616,0.8,0.5714285714285714,0.7,0.28,1.0,0.6842105263157895
94,0.3830480847595762,0.44522348816827345,0.5,1.0,0.3252279635258359,1.0,0.4642857142857143,0.1,0.047619047619047616,0.8,0.5714285714285714,0.7,0.28,1.0,0.6842105263157895
95,0.3871230643846781,0.45135845749342685,0.5,1.0,0.3343465045592705,1.0,0.4642857142857143,0.2,0.09523809523809523,0.8,0.5714285714285714,0.7,0.28,1.0,0.6842105263157895
96,0.39119804400978,0.45574057843996496,0.5,1.0,0.3404255319148936,1.0,0.4642857142857143,0.2,0.09523809523809523,0.8,0.5714285714285714,0.7,0.28,1.0,0.6842105263157895
97,0.3952730236348818,0.4601226993865031,0.5,1.0,0.3404255319148936,1.0,0.4642857142857143,0.2,0.09523809523809523,0.8,0.5714285714285714,0.7,0.28,1.0,0.6842105263157895
98,0.3993480032599837,0.4653812445223488,0.5,1.0,0.3434650455927052,1.0,0.4642857142857143,0.2,0.09523809523809523,0.8,0.5714285714285714,0.7,0.28,1.0,0.6842105263157895
99,0.4034229828850856,0.4697633654688869,0.5,1.0,0.3495440729483283,1.0,0.4642857142857143,0.2,0.09523809523809523,0.8,0.5714285714285714,0.7,0.28,1.0,0.6842105263157895
100,0.40749796251018744,0.4732690622261174,0.5,1.0,0.3586626139817629,1.0,0.4642857142857143,0.2,0.09523809523809523,0.8,0.5714285714285714,0.7,0.28,1.0,0.6842105263157895
101,0.41157294213528933,0.4785276073619632,0.5,1.0,0.364741641337386,1.0,0.4642857142857143,0.2,0.09523809523809523,0.8,0.5714285714285714,0.7,0.28,1.0,0.6842105263157895
102,0.4156479217603912,0.4890446976336547,0.5,1.0,0.3708206686930091,1.0,0.4642857142857143,0.2,0.09523809523809523,0.9,0.6428571428571429,0.7,0.28,1.0,0.6842105263157895
103,0.41972290138549306,0.49079754601226994,0.5,1.0,0.3708206686930091,1.0,0.4642857142857143,0.2,0.09523809523809523,0.9,0.6428571428571429,0.7,0.28,1.0,0.6842105263157895
104,0.42379788101059496,0.49868536371603855,0.5,1.0,0.3768996960486322,1.0,0.4642857142857143,0.2,0.09523809523809523,0.9,0.6428571428571429,0.7,0.28,1.0,0.6842105263157895
105,0.4278728606356968,0.5030674846625767,0.5,1.0,0.3860182370820669,1.0,0.4642857142857143,0.2,0.09523809523809523,0.9,0.6428571428571429,0.7,0.28,1.0,0.6842105263157895
106,0.4319478402607987,0.5100788781770377,0.5,1.0,0.3951367781155015,1.0,0.48214285714285715,0.2,0.09523809523809523,1.0,0.7142857142857143,0.7,0.28,1.0,0.6842105263157895
107,0.4360228198859006,0.5153374233128835,0.5,1.0,0.4072948328267477,1.0,0.48214285714285715,0.2,0.09523809523809523,1.0,0.7142857142857143,0.7,0.28,1.0,0.7368421052631579
108,0.4400977995110024,0.5197195442594216,0.5,1.0,0.4133738601823708,1.0,0.48214285714285715,0.3,0.14285714285714285,1.0,0.7142857142857143,0.7,0.28,1.0,0.7368421052631579
109,0.4441727791361043,0.5249780893952674,0.5,1.0,0.4194528875379939,1.0,0.48214285714285715,0.3,0.14285714285714285,1.0,0.7142857142857143,0.7,0.28,1.0,0.7368421052631579
110,0.4482477587612062,0.5267309377738826,0.5,1.0,0.42249240121580545,1.0,0.48214285714285715,0.3,0.14285714285714285,1.0,0.7142857142857143,0.7,0.28,1.0,0.7368421052631579
111,0.45232273838630804,0.530236634531113,0.5,1.0,0.425531914893617,1.0,0.48214285714285715,0.3,0.14285714285714285,1.0,0.7142857142857143,0.7,0.28,1.0,0.7368421052631579
112,0.45639771801140994,0.5319894829097284,0.5,1.0,0.4316109422492401,1.0,0.48214285714285715,0.3,0.14285714285714285,1.0,0.7142857142857143,0.7,0.28,1.0,0.7368421052631579
113,0.46047269763651183,0.5354951796669588,0.5,1.0,0.43465045592705165,1.0,0.48214285714285715,0.3,0.14285714285714285,1.0,0.7142857142857143,0.7,0.28,1.0,0.7368421052631579
114,0.46454767726161367,0.5398773006134969,0.5,1.0,0.44072948328267475,1.0,0.48214285714285715,0.3,0.14285714285714285,1.0,0.7142857142857143,0.7,0.28,1.0,0.7368421052631579
115,0.46862265688671556,0.5451358457493427,0.5,1.0,0.44376899696048633,1.0,0.48214285714285715,0.3,0.14285714285714285,1.0,0.7142857142857143,0.7,0.28,1.0,0.7368421052631579
116,0.47269763651181745,0.5468886941279579,0.5,1.0,0.44376899696048633,1.0,0.48214285714285715,0.3,0.14285714285714285,1.0,0.7142857142857143,0.7,0.28,1.0,0.7368421052631579
117,0.4767726161369193,0.5521472392638037,0.5,1.0,0.44680851063829785,1.0,0.48214285714285715,0.3,0.14285714285714285,1.0,0.7142857142857143,0.7,0.28,1.0,0.7368421052631579
118,0.4808475957620212,0.5565293602103418,0.5,1.0,0.44984802431610943,1.0,0.48214285714285715,0.3,0.14285714285714285,1.0,0.7142857142857143,0.7,0.28,1.0,0.7894736842105263
119,0.4849225753871231,0.5626643295354952,0.5,1.0,0.45592705167173253,1.0,0.5,0.3,0.14285714285714285,1.0,0.7142857142857143,0.7,0.28,1.0,0.7894736842105263
120,0.4889975550122249,0.567922874671341,0.5,1.0,0.45896656534954405,1.0,0.5,0.3,0.14285714285714285,1.0,0.7142857142857143,0.7,0.28,1.0,0.7894736842105263
121,0.4930725346373268,0.5714285714285714,0.5,1.0,0.45896656534954405,1.0,0.5,0.4,0.19047619047619047,1.0,0.7142857142857143,0.7,0.28,1.0,0.7894736842105263
122,0.4971475142624287,0.5766871165644172,0.5,1.0,0.47416413373860183,1.0,0.5,0.4,0.19047619047619047,1.0,0.7142857142857143,0.7,0.28,1.0,0.7894736842105263
123,0.5012224938875306,0.5828220858895705,0.5,1.0,0.47720364741641336,1.0,0.5,0.4,0.19047619047619047,1.0,0.7142857142857143,0.8,0.32,1.0,0.7894736842105263
124,0.5052974735126324,0.5863277826468011,0.5,1.0,0.48024316109422494,1.0,0.5178571428571429,0.4,0.19047619047619047,1.0,0.7142857142857143,0.8,0.32,1.0,0.7894736842105263
125,0.5093724531377343,0.588957055214724,0.5,1.0,0.48936170212765956,1.0,0.5178571428571429,0.4,0.19047619047619047,1.0,0.7142857142857143,0.8,0.32,1.0,0.7894736842105263
126,0.5134474327628362,0.5950920245398773,0.5,1.0,0.49240121580547114,1.0,0.5178571428571429,0.4,0.19047619047619047,1.0,0.7142857142857143,0.8,0.32,1.0,0.8421052631578947
127,0.5175224123879381,0.5994741454864154,0.5,1.0,0.49544072948328266,1.0,0.5178571428571429,0.4,0.19047619047619047,1.0,0.7142857142857143,0.8,0.32,1.0,0.8421052631578947
128,0.5215973920130399,0.6003505696757231,0.5,1.0,0.49544072948328266,1.0,0.5178571428571429,0.4,0.19047619047619047,1.0,0.7857142857142857,0.8,0.32,1.0,0.8421052631578947
129,0.5256723716381418,0.6056091148115688,0.5,1.0,0.49848024316109424,1.0,0.5178571428571429,0.5,0.23809523809523808,1.0,0.7857142857142857,0.8,0.32,1.0,0.8947368421052632
130,0.5297473512632437,0.6126205083260298,0.5,1.0,0.5106382978723404,1.0,0.5178571428571429,0.5,0.23809523809523808,1.0,0.7857142857142857,0.8,0.32,1.0,0.8947368421052632
131,0.5338223308883455,0.6152497808939527,0.5,1.0,0.513677811550152,1.0,0.5178571428571429,0.5,0.23809523809523808,1.0,0.7857142857142857,0.8,0.32,1.0,0.8947368421052632
132,0.5378973105134475,0.6178790534618755,0.5,1.0,0.513677811550152,1.0,0.5178571428571429,0.5,0.23809523809523808,1.0,0.8571428571428571,0.8,0.32,1.0,0.8947368421052632
133,0.5419722901385493,0.621384750219106,0.5,1.0,0.5167173252279635,1.0,0.5178571428571429,0.6,0.2857142857142857,1.0,0.8571428571428571,0.8,0.32,1.0,0.8947368421052632
134,0.5460472697636511,0.6240140227870289,0.5,1.0,0.5197568389057751,1.0,0.5178571428571429,0.6,0.2857142857142857,1.0,0.8571428571428571,0.8,0.32,1.0,0.8947368421052632
135,0.5501222493887531,0.6248904469763366,0.5,1.0,0.5227963525835866,1.0,0.5178571428571429,0.6,0.2857142857142857,1.0,0.8571428571428571,0.8,0.32,1.0,0.8947368421052632
136,0.5541972290138549,0.628396143733567,0.5,1.0,0.5227963525835866,1.0,0.5357142857142857,0.6,0.2857142857142857,1.0,0.8571428571428571,0.8,0.32,1.0,0.8947368421052632
137,0.5582722086389568,0.6345311130587205,0.5,1.0,0.5319148936170213,1.0,0.5357142857142857,0.6,0.2857142857142857,1.0,0.8571428571428571,0.8,0.32,1.0,0.8947368421052632
138,0.5623471882640587,0.6380368098159509,0.5,1.0,0.5379939209726444,1.0,0.5357142857142857,0.6,0.2857142857142857,1.0,0.8571428571428571,0.8,0.32,1.0,0.8947368421052632
139,0.5664221678891606,0.6397896581945661,0.5,1.0,0.541033434650456,1.0,0.5357142857142857,0.6,0.2857142857142857,1.0,0.8571428571428571,0.8,0.32,1.0,0.8947368421052632
140,0.5704971475142624,0.6432953549517967,0.6666666666666666,1.0,0.5501519756838906,1.0,0.5357142857142857,0.6,0.2857142857142857,1.0,0.9285714285714286,0.8,0.32,1.0,0.8947368421052632
141,0.5745721271393643,0.6503067484662577,0.6666666666666666,1.0,0.5562310030395137,1.0,0.5357142857142857,0.6,0.2857142857142857,1.0,0.9285714285714286,0.8,0.32,1.0,0.8947368421052632
142,0.5786471067644662,0.6538124452234881,0.6666666666666666,1.0,0.5623100303951368,1.0,0.5357142857142857,0.6,0.2857142857142857,1.0,0.9285714285714286,0.8,0.32,1.0,0.8947368421052632
143,0.582722086389568,0.6555652936021035,0.6666666666666666,1.0,0.5653495440729484,1.0,0.5357142857142857,0.6,0.2857142857142857,1.0,0.9285714285714286,0.8,0.32,1.0,0.8947368421052632
144,0.58679706601467,0.6608238387379491,0.6666666666666666,1.0,0.5714285714285714,1.0,0.5357142857142857,0.7,0.3333333333333333,1.0,0.9285714285714286,0.8,0.32,1.0,0.8947368421052632
145,0.5908720456397718,0.6625766871165644,0.6666666666666666,1.0,0.5714285714285714,1.0,0.5357142857142857,0.7,0.3333333333333333,1.0,0.9285714285714286,0.8,0.32,1.0,0.8947368421052632
146,0.5949470252648736,0.6660823838737949,0.6666666666666666,1.0,0.5775075987841946,1.0,0.5357142857142857,0.7,0.3333333333333333,1.0,0.9285714285714286,0.8,0.32,1.0,0.8947368421052632
147,0.5990220048899756,0.6730937773882559,0.6666666666666666,1.0,0.5835866261398176,1.0,0.5357142857142857,0.8,0.38095238095238093,1.0,0.9285714285714286,0.8,0.32,1.0,0.8947368421052632
148,0.6030969845150774,0.6765994741454864,0.6666666666666666,1.0,0.5866261398176292,1.0,0.5357142857142857,0.8,0.38095238095238093,1.0,0.9285714285714286,0.8,0.32,1.0,0.8947368421052632
149,0.6071719641401793,0.6818580192813322,0.6666666666666666,1.0,0.5957446808510638,1.0,0.5357142857142857,0.9,0.42857142857142855,1.0,0.9285714285714286,0.8,0.32,1.0,0.8947368421052632
150,0.6112469437652812,0.6888694127957932,0.6666666666666666,1.0,0.6109422492401215,1.0,0.5357142857142857,1.0,0.47619047619047616,1.0,0.9285714285714286,0.8,0.32,1.0,0.8947368421052632
151,0.615321923390383,0.6932515337423313,0.6666666666666666,1.0,0.6139817629179332,1.0,0.5357142857142857,1.0,0.47619047619047616,1.0,0.9285714285714286,0.8,0.32,1.0,0.8947368421052632
152,0.6193969030154849,0.6958808063102542,0.6666666666666666,1.0,0.6200607902735562,1.0,0.5357142857142857,1.0,0.47619047619047616,1.0,0.9285714285714286,0.8,0.32,1.0,0.8947368421052632
153,0.6234718826405868,0.7020157756354075,0.6666666666666666,1.0,0.6322188449848024,1.0,0.5357142857142857,1.0,0.47619047619047616,1.0,0.9285714285714286,0.8,0.32,1.0,0.9473684210526315
154,0.6275468622656887,0.7037686240140227,0.6666666666666666,1.0,0.6322188449848024,1.0,0.5357142857142857,1.0,0.47619047619047616,1.0,0.9285714285714286,0.8,0.32,1.0,0.9473684210526315
155,0.6316218418907905,0.7063978965819456,0.6666666666666666,1.0,0.6382978723404256,1.0,0.5357142857142857,1.0,0.47619047619047616,1.0,0.9285714285714286,0.8,0.32,1.0,0.9473684210526315
156,0.6356968215158925,0.7090271691498685,0.6666666666666666,1.0,0.6443768996960486,1.0,0.5357142857142857,1.0,0.47619047619047616,1.0,0.9285714285714286,0.8,0.32,1.0,0.9473684210526315
157,0.6397718011409943,0.7142857142857143,0.8333333333333334,1.0,0.6504559270516718,1.0,0.5357142857142857,1.0,0.5238095238095238,1.0,0.9285714285714286,0.8,0.32,1.0,0.9473684210526315
158,0.6438467807660961,0.7186678352322524,0.8333333333333334,1.0,0.6534954407294833,1.0,0.5357142857142857,1.0,0.5238095238095238,1.0,0.9285714285714286,0.8,0.32,1.0,0.9473684210526315
159,0.6479217603911981,0.7230499561787905,0.8333333333333334,1.0,0.6595744680851063,1.0,0.5357142857142857,1.0,0.5238095238095238,1.0,0.9285714285714286,0.8,0.32,1.0,0.9473684210526315
160,0.6519967400162999,0.7239263803680982,0.8333333333333334,1.0,0.6595744680851063,1.0,0.5357142857142857,1.0,0.5238095238095238,1.0,0.9285714285714286,0.8,0.32,1.0,0.9473684210526315
161,0.6560717196414018,0.7256792287467134,0.8333333333333334,1.0,0.6595744680851063,1.0,0.5357142857142857,1.0,0.5238095238095238,1.0,0.9285714285714286,0.8,0.32,1.0,0.9473684210526315
162,0.6601466992665037,0.7300613496932515,0.8333333333333334,1.0,0.6656534954407295,1.0,0.5357142857142857,1.0,0.5238095238095238,1.0,0.9285714285714286,0.8,0.32,1.0,0.9473684210526315
163,0.6642216788916055,0.7344434706397897,0.8333333333333334,1.0,0.6778115501519757,1.0,0.5357142857142857,1.0,0.5238095238095238,1.0,0.9285714285714286,0.8,0.32,1.0,0.9473684210526315
164,0.6682966585167074,0.7353198948290973,0.8333333333333334,1.0,0.6808510638297872,1.0,0.5357142857142857,1.0,0.5238095238095238,1.0,0.9285714285714286,0.8,0.32,1.0,0.9473684210526315
165,0.6723716381418093,0.7379491673970202,0.8333333333333334,1.0,0.6808510638297872,1.0,0.5357142857142857,1.0,0.5238095238095238,1.0,0.9285714285714286,0.9,0.36,1.0,0.9473684210526315
166,0.6764466177669112,0.740578439964943,0.8333333333333334,1.0,0.6808510638297872,1.0,0.5357142857142857,1.0,0.5238095238095238,1.0,0.9285714285714286,0.9,0.36,1.0,0.9473684210526315
167,0.680521597392013,0.7432077125328659,0.8333333333333334,1.0,0.6869300911854104,1.0,0.5357142857142857,1.0,0.5238095238095238,1.0,0.9285714285714286,0.9,0.36,1.0,0.9473684210526315
168,0.684596577017115,0.7484662576687117,0.8333333333333334,1.0,0.6930091185410334,1.0,0.5357142857142857,1.0,0.5238095238095238,1.0,0.9285714285714286,0.9,0.36,1.0,0.9473684210526315
169,0.6886715566422168,0.7519719544259421,0.8333333333333334,1.0,0.6960486322188449,1.0,0.5357142857142857,1.0,0.5714285714285714,1.0,0.9285714285714286,0.9,0.36,1.0,0.9473684210526315
170,0.6927465362673186,0.7563540753724802,0.8333333333333334,1.0,0.7021276595744681,1.0,0.5357142857142857,1.0,0.5714285714285714,1.0,0.9285714285714286,0.9,0.36,1.0,0.9473684210526315
171,0.6968215158924206,0.7572304995617879,0.8333333333333334,1.0,0.7021276595744681,1.0,0.5357142857142857,1.0,0.5714285714285714,1.0,0.9285714285714286,1.0,0.4,1.0,0.9473684210526315
172,0.7008964955175224,0.7581069237510956,0.8333333333333334,1.0,0.7021276595744681,1.0,0.5357142857142857,1.0,0.5714285714285714,1.0,0.9285714285714286,1.0,0.4,1.0,0.9473684210526315
173,0.7049714751426243,0.7624890446976337,0.8333333333333334,1.0,0.7082066869300911,1.0,0.5357142857142857,1.0,0.5714285714285714,1.0,0.9285714285714286,1.0,0.4,1.0,0.9473684210526315
174,0.7090464547677262,0.7659947414548641,0.8333333333333334,1.0,0.7112462006079028,1.0,0.5535714285714286,1.0,0.5714285714285714,1.0,0.9285714285714286,1.0,0.4,1.0,0.9473684210526315
175,0.713121434392828,0.7712532865907099,0.8333333333333334,1.0,0.7142857142857143,1.0,0.5714285714285714,1.0,0.5714285714285714,1.0,0.9285714285714286,1.0,0.4,1.0,0.9473684210526315
176,0.7171964140179299,0.7773882559158632,0.8333333333333334,1.0,0.7173252279635258,1.0,0.5892857142857143,1.0,0.5714285714285714,1.0,0.9285714285714286,1.0,0.44,1.0,0.9473684210526315
177,0.7212713936430318,0.782646801051709,0.8333333333333334,1.0,0.7203647416413373,1.0,0.5892857142857143,1.0,0.5714285714285714,1.0,0.9285714285714286,1.0,0.44,1.0,0.9473684210526315
178,0.7253463732681337,0.7852760736196319,0.8333333333333334,1.0,0.729483282674772,1.0,0.5892857142857143,1.0,0.5714285714285714,1.0,0.9285714285714286,1.0,0.44,1.0,0.9473684210526315
179,0.7294213528932355,0.78965819456617,0.8333333333333334,1.0,0.7355623100303952,1.0,0.6071428571428571,1.0,0.5714285714285714,1.0,0.9285714285714286,1.0,0.44,1.0,0.9473684210526315
180,0.7334963325183375,0.7922874671340929,0.8333333333333334,1.0,0.7386018237082067,1.0,0.6071428571428571,1.0,0.5714285714285714,1.0,0.9285714285714286,1.0,0.44,1.0,1.0
181,0.7375713121434393,0.7949167397020158,0.8333333333333334,1.0,0.7416413373860182,1.0,0.6071428571428571,1.0,0.5714285714285714,1.0,0.9285714285714286,1.0,0.48,1.0,1.0
182,0.7416462917685411,0.7975460122699386,0.8333333333333334,1.0,0.7446808510638298,1.0,0.6071428571428571,1.0,0.5714285714285714,1.0,0.9285714285714286,1.0,0.48,1.0,1.0
183,0.7457212713936431,0.8019281332164768,0.8333333333333334,1.0,0.756838905775076,1.0,0.6071428571428571,1.0,0.5714285714285714,1.0,0.9285714285714286,1.0,0.48,1.0,1.0
184,0.7497962510187449,0.8063102541630149,0.8333333333333334,1.0,0.7629179331306991,1.0,0.6071428571428571,1.0,0.5714285714285714,1.0,0.9285714285714286,1.0,0.48,1.0,1.0
185,0.7538712306438468,0.8115687992988606,0.8333333333333334,1.0,0.7659574468085106,1.0,0.6071428571428571,1.0,0.5714285714285714,1.0,0.9285714285714286,1.0,0.48,1.0,1.0
186,0.7579462102689487,0.8150744960560912,0.8333333333333334,1.0,0.7720364741641338,1.0,0.625,1.0,0.5714285714285714,1.0,0.9285714285714286,1.0,0.48,1.0,1.0
187,0.7620211898940505,0.8212094653812445,0.8333333333333334,1.0,0.7811550151975684,1.0,0.625,1.0,0.5714285714285714,1.0,0.9285714285714286,1.0,0.52,1.0,1.0
188,0.7660961695191524,0.8229623137598597,0.8333333333333334,1.0,0.7811550151975684,1.0,0.625,1.0,0.6190476190476191,1.0,0.9285714285714286,1.0,0.52,1.0,1.0
189,0.7701711491442543,0.8255915863277826,0.8333333333333334,1.0,0.78419452887538,1.0,0.625,1.0,0.6190476190476191,1.0,0.9285714285714286,1.0,0.52,1.0,1.0
190,0.7742461287693562,0.8282208588957055,0.8333333333333334,1.0,0.7933130699088146,1.0,0.625,1.0,0.6190476190476191,1.0,0.9285714285714286,1.0,0.52,1.0,1.0
191,0.778321108394458,0.8308501314636284,0.8333333333333334,1.0,0.7963525835866262,1.0,0.625,1.0,0.6666666666666666,1.0,1.0,1.0,0.52,1.0,1.0
192,0.78239608801956,0.8334794040315513,0.8333333333333334,1.0,0.7963525835866262,1.0,0.625,1.0,0.6666666666666666,1.0,1.0,1.0,0.56,1.0,1.0
193,0.7864710676446618,0.8369851007887817,0.8333333333333334,1.0,0.7993920972644377,1.0,0.6428571428571429,1.0,0.6666666666666666,1.0,1.0,1.0,0.56,1.0,1.0
194,0.7905460472697636,0.8413672217353199,0.8333333333333334,1.0,0.8054711246200608,1.0,0.6428571428571429,1.0,0.6666666666666666,1.0,1.0,1.0,0.6,1.0,1.0
195,0.7946210268948656,0.8439964943032428,0.8333333333333334,1.0,0.8115501519756839,1.0,0.6607142857142857,1.0,0.6666666666666666,1.0,1.0,1.0,0.6,1.0,1.0
196,0.7986960065199674,0.845749342681858,0.8333333333333334,1.0,0.8115501519756839,1.0,0.6607142857142857,1.0,0.6666666666666666,1.0,1.0,1.0,0.6,1.0,1.0
197,0.8027709861450693,0.8483786152497809,0.8333333333333334,1.0,0.817629179331307,1.0,0.6607142857142857,1.0,0.6666666666666666,1.0,1.0,1.0,0.64,1.0,1.0
198,0.8068459657701712,0.8501314636283961,0.8333333333333334,1.0,0.8206686930091185,1.0,0.6785714285714286,1.0,0.6666666666666666,1.0,1.0,1.0,0.64,1.0,1.0
199,0.810920945395273,0.8545135845749343,0.8333333333333334,1.0,0.8267477203647416,1.0,0.6964285714285714,1.0,0.7142857142857143,1.0,1.0,1.0,0.64,1.0,1.0
200,0.8149959250203749,0.85977212971078,0.8333333333333334,1.0,0.8328267477203647,1.0,0.6964285714285714,1.0,0.7142857142857143,1.0,1.0,1.0,0.64,1.0,1.0
201,0.8190709046454768,0.8624014022787029,0.8333333333333334,1.0,0.8358662613981763,1.0,0.6964285714285714,1.0,0.7142857142857143,1.0,1.0,1.0,0.68,1.0,1.0
202,0.8231458842705787,0.8659070990359334,0.8333333333333334,1.0,0.8389057750759878,1.0,0.6964285714285714,1.0,0.7142857142857143,1.0,1.0,1.0,0.72,1.0,1.0
203,0.8272208638956805,0.8720420683610868,1.0,1.0,0.8389057750759878,1.0,0.7142857142857143,1.0,0.7619047619047619,1.0,1.0,1.0,0.76,1.0,1.0
204,0.8312958435207825,0.8755477651183172,1.0,1.0,0.8419452887537994,1.0,0.7142857142857143,1.0,0.7619047619047619,1.0,1.0,1.0,0.8,1.0,1.0
205,0.8353708231458843,0.8773006134969326,1.0,1.0,0.8449848024316109,1.0,0.7142857142857143,1.0,0.7619047619047619,1.0,1.0,1.0,0.8,1.0,1.0
206,0.8394458027709861,0.8799298860648553,1.0,1.0,0.8480243161094225,1.0,0.7321428571428571,1.0,0.7619047619047619,1.0,1.0,1.0,0.8,1.0,1.0
207,0.843520782396088,0.8825591586327782,1.0,1.0,0.851063829787234,1.0,0.75,1.0,0.7619047619047619,1.0,1.0,1.0,0.8,1.0,1.0
208,0.8475957620211899,0.8886941279579317,1.0,1.0,0.8601823708206687,1.0,0.75,1.0,0.7619047619047619,1.0,1.0,1.0,0.84,1.0,1.0
209,0.8516707416462918,0.8904469763365469,1.0,1.0,0.8632218844984803,1.0,0.75,1.0,0.7619047619047619,1.0,1.0,1.0,0.84,1.0,1.0
210,0.8557457212713936,0.8957055214723927,1.0,1.0,0.8723404255319149,1.0,0.75,1.0,0.7619047619047619,1.0,1.0,1.0,0.84,1.0,1.0
211,0.8598207008964955,0.9000876424189308,1.0,1.0,0.8814589665653495,1.0,0.7678571428571429,1.0,0.7619047619047619,1.0,1.0,1.0,0.84,1.0,1.0
212,0.8638956805215974,0.9009640666082384,1.0,1.0,0.8814589665653495,1.0,0.7678571428571429,1.0,0.7619047619047619,1.0,1.0,1.0,0.84,1.0,1.0
213,0.8679706601466992,0.9079754601226994,1.0,1.0,0.8844984802431611,1.0,0.7678571428571429,1.0,0.8095238095238095,1.0,1.0,1.0,0.84,1.0,1.0
214,0.8720456397718012,0.9106047326906223,1.0,1.0,0.8875379939209727,1.0,0.7678571428571429,1.0,0.8095238095238095,1.0,1.0,1.0,0.84,1.0,1.0
215,0.876120619396903,0.9141104294478528,1.0,1.0,0.8966565349544073,1.0,0.7678571428571429,1.0,0.8095238095238095,1.0,1.0,1.0,0.84,1.0,1.0
216,0.8801955990220048,0.9184925503943909,1.0,1.0,0.9027355623100304,1.0,0.7857142857142857,1.0,0.8095238095238095,1.0,1.0,1.0,0.84,1.0,1.0
217,0.8842705786471068,0.9202453987730062,1.0,1.0,0.9057750759878419,1.0,0.7857142857142857,1.0,0.8095238095238095,1.0,1.0,1.0,0.84,1.0,1.0
218,0.8883455582722086,0.9219982471516214,1.0,1.0,0.9118541033434651,1.0,0.7857142857142857,1.0,0.8095238095238095,1.0,1.0,1.0,0.84,1.0,1.0
219,0.8924205378973105,0.9246275197195443,1.0,1.0,0.9148936170212766,1.0,0.8035714285714286,1.0,0.8095238095238095,1.0,1.0,1.0,0.84,1.0,1.0
220,0.8964955175224124,0.9263803680981595,1.0,1.0,0.9148936170212766,1.0,0.8035714285714286,1.0,0.8095238095238095,1.0,1.0,1.0,0.84,1.0,1.0
221,0.9005704971475142,0.92988606485539,1.0,1.0,0.9179331306990881,1.0,0.8392857142857143,1.0,0.8095238095238095,1.0,1.0,1.0,0.84,1.0,1.0
222,0.9046454767726161,0.9333917616126205,1.0,1.0,0.9209726443768997,1.0,0.8571428571428571,1.0,0.9047619047619048,1.0,1.0,1.0,0.84,1.0,1.0
223,0.908720456397718,0.9351446099912357,1.0,1.0,0.9240121580547113,1.0,0.8571428571428571,1.0,0.9047619047619048,1.0,1.0,1.0,0.84,1.0,1.0
224,0.9127954360228199,0.9386503067484663,1.0,1.0,0.9270516717325228,1.0,0.8571428571428571,1.0,0.9047619047619048,1.0,1.0,1.0,0.84,1.0,1.0
225,0.9168704156479217,0.9404031551270815,1.0,1.0,0.9270516717325228,1.0,0.8571428571428571,1.0,0.9047619047619048,1.0,1.0,1.0,0.84,1.0,1.0
226,0.9209453952730237,0.9421560035056967,1.0,1.0,0.9300911854103343,1.0,0.8571428571428571,1.0,0.9047619047619048,1.0,1.0,1.0,0.84,1.0,1.0
227,0.9250203748981255,0.9439088518843121,1.0,1.0,0.9331306990881459,1.0,0.875,1.0,0.9047619047619048,1.0,1.0,1.0,0.84,1.0,1.0
228,0.9290953545232273,0.9465381244522348,1.0,1.0,0.9331306990881459,1.0,0.875,1.0,0.9047619047619048,1.0,1.0,1.0,0.84,1.0,1.0
229,0.9331703341483293,0.9500438212094654,1.0,1.0,0.9422492401215805,1.0,0.875,1.0,0.9047619047619048,1.0,1.0,1.0,0.84,1.0,1.0
230,0.9372453137734311,0.9535495179666958,1.0,1.0,0.9452887537993921,1.0,0.875,1.0,0.9523809523809523,1.0,1.0,1.0,0.92,1.0,1.0
231,0.941320293398533,0.957931638913234,1.0,1.0,0.9513677811550152,1.0,0.875,1.0,0.9523809523809523,1.0,1.0,1.0,0.92,1.0,1.0
232,0.9453952730236349,0.9596844872918493,1.0,1.0,0.9574468085106383,1.0,0.875,1.0,0.9523809523809523,1.0,1.0,1.0,0.92,1.0,1.0
233,0.9494702526487367,0.9631901840490797,1.0,1.0,0.9604863221884499,1.0,0.8928571428571429,1.0,0.9523809523809523,1.0,1.0,1.0,0.92,1.0,1.0
234,0.9535452322738386,0.9666958808063103,1.0,1.0,0.9604863221884499,1.0,0.9107142857142857,1.0,0.9523809523809523,1.0,1.0,1.0,0.92,1.0,1.0
235,0.9576202118989405,0.9675723049956179,1.0,1.0,0.9635258358662614,1.0,0.9107142857142857,1.0,0.9523809523809523,1.0,1.0,1.0,0.92,1.0,1.0
236,0.9616951915240424,0.9684487291849255,1.0,1.0,0.9635258358662614,1.0,0.9107142857142857,1.0,0.9523809523809523,1.0,1.0,1.0,0.92,1.0,1.0
237,0.9657701711491442,0.9702015775635408,1.0,1.0,0.9635258358662614,1.0,0.9285714285714286,1.0,0.9523809523809523,1.0,1.0,1.0,0.92,1.0,1.0
238,0.9698451507742462,0.9702015775635408,1.0,1.0,0.9635258358662614,1.0,0.9285714285714286,1.0,0.9523809523809523,1.0,1.0,1.0,0.92,1.0,1.0
239,0.973920130399348,0.9728308501314636,1.0,1.0,0.9635258358662614,1.0,0.9285714285714286,1.0,0.9523809523809523,1.0,1.0,1.0,0.92,1.0,1.0
240,0.9779951100244498,0.9754601226993865,1.0,1.0,0.9665653495440729,1.0,0.9285714285714286,1.0,0.9523809523809523,1.0,1.0,1.0,0.92,1.0,1.0
241,0.9820700896495518,0.978965819456617,1.0,1.0,0.9696048632218845,1.0,0.9285714285714286,1.0,0.9523809523809523,1.0,1.0,1.0,0.96,1.0,1.0
242,0.9861450692746536,0.9851007887817704,1.0,1.0,0.9817629179331308,1.0,0.9285714285714286,1.0,1.0,1.0,1.0,1.0,1.0,1.0,1.0
243,0.9902200488997555,0.9894829097283085,1.0,1.0,0.9908814589665653,1.0,0.9285714285714286,1.0,1.0,1.0,1.0,1.0,1.0,1.0,1.0
244,0.9942950285248574,0.9938650306748467,1.0,1.0,0.9969604863221885,1.0,0.9464285714285714,1.0,1.0,1.0,1.0,1.0,1.0,1.0,1.0
245,0.9983700081499592,0.9982471516213848,1.0,1.0,1.0,1.0,0.9821428571428571,1.0,1.0,1.0,1.0,1.0,1.0,1.0,1.0
246,0.9991850040749797,0.9991235758106923,1.0,1.0,1.0,1.0,1.0,1.0,1.0,1.0,1.0,1.0,1.0,1.0,1.0
247,0.9996740016299919,1.0,1.0,1.0,1.0,1.0,1.0,1.0,1.0,1.0,1.0,1.0,1.0,1.0,1.0
248,0.9998370008149959,1.0,1.0,1.0,1.0,1.0,1.0,1.0,1.0,1.0,1.0,1.0,1.0,1.0,1.0
249,1.0,1.0,1.0,1.0,1.0,1.0,1.0,1.0,1.0,1.0,1.0,1.0,1.0,1.0,1.0
